"ID";"UserID";"PeerID";"Messages";"AdvisorStatus";"ConversationStatus";"CreatedAt";"UpdatedAt"
1;2;1;"[{""message"": ""Hello"", ""senderID"": 1, ""createdAt"": 1616824869486, ""botSuggestions"": []}, {""message"": ""hello, how are you today? i just got back from a long day at the office."", ""senderID"": 2, ""createdAt"": 1616824879571, ""nameOfBot"": ""Blenderbot"", ""botSuggestions"": []}, {""message"": ""I'm doing well, thanks for asking."", ""senderID"": 1, ""createdAt"": 1616824894348, ""botSuggestions"": []}, {""message"": ""that's good to hear. i'm glad you're having a good day."", ""senderID"": 2, ""createdAt"": 1616824906484, ""nameOfBot"": ""Blenderbot"", ""botSuggestions"": []}]";"[{""Status"": ""up"", ""CreatedAt"": 1616824877980}, {""Status"": ""down"", ""CreatedAt"": 1616824897014}]";"[{""Status"": ""up"", ""CreatedAt"": 1616824878883}]";"2021-03-27 06:01:48";"2021-03-27 06:01:48"
2;1;2;"[{""message"": ""Hello"", ""senderID"": 1, ""createdAt"": 1616824869486, ""botSuggestions"": []}, {""message"": ""hello, how are you today? i just got back from a long day at the office."", ""senderID"": 2, ""createdAt"": 1616824879571, ""botSuggestions"": []}, {""message"": ""I'm doing well, thanks for asking."", ""senderID"": 1, ""createdAt"": 1616824894348, ""nameOfBot"": ""DialoGPT"", ""botSuggestions"": []}, {""message"": ""that's good to hear. i'm glad you're having a good day."", ""senderID"": 2, ""createdAt"": 1616824906485, ""botSuggestions"": []}]";"[{""Status"": ""up"", ""CreatedAt"": 1616824891774}]";"[{""Status"": ""down"", ""CreatedAt"": 1616824893677}]";"2021-03-27 06:01:53";"2021-03-27 06:01:53"
3;3;1;"[{""message"": ""Hello there"", ""senderID"": 1, ""createdAt"": 1616825103469, ""botSuggestions"": []}, {""message"": ""Hello Kitty"", ""senderID"": 3, ""createdAt"": 1616825144084, ""botSuggestions"": []}, {""message"": ""i love kitty kitty! she's my favorite cat. do you have a favorite cat?"", ""senderID"": 1, ""createdAt"": 1616825154874, ""botSuggestions"": []}, {""message"": ""But i like dogs"", ""senderID"": 3, ""createdAt"": 1616825190719, ""botSuggestions"": []}, {""message"": ""what kind of dogs do you like? there are so many different kinds of dogs out there."", ""senderID"": 1, ""createdAt"": 1616825201978, ""botSuggestions"": []}]";"[]";"[]";"2021-03-27 06:07:47";"2021-03-27 06:07:47"
4;1;3;"[{""message"": ""Hello there"", ""senderID"": 1, ""createdAt"": 1616825103048, ""botSuggestions"": []}, {""message"": ""Hello Kitty"", ""senderID"": 3, ""createdAt"": 1616825143749, ""botSuggestions"": []}, {""message"": ""i love kitty kitty! she's my favorite cat. do you have a favorite cat?"", ""senderID"": 1, ""createdAt"": 1616825154437, ""nameOfBot"": ""Blenderbot"", ""botSuggestions"": []}, {""message"": ""But i like dogs"", ""senderID"": 3, ""createdAt"": 1616825190539, ""botSuggestions"": []}, {""message"": ""what kind of dogs do you like? there are so many different kinds of dogs out there."", ""senderID"": 1, ""createdAt"": 1616825201477, ""nameOfBot"": ""Blenderbot"", ""botSuggestions"": []}]";"[{""Status"": ""up"", ""CreatedAt"": 1616825208684}]";"[{""Status"": ""up"", ""CreatedAt"": 1616825210420}]";"2021-03-27 06:07:52";"2021-03-27 06:07:52"
5;1;4;"[{""message"": ""Hey"", ""senderID"": 1, ""createdAt"": 1616825603359, ""botSuggestions"": []}, {""message"": ""Hey, how are you?"", ""senderID"": 4, ""createdAt"": 1616825612088, ""botSuggestions"": []}, {""message"": ""i'm good. just got back from a long day at work. how are you?"", ""senderID"": 1, ""createdAt"": 1616825643260, ""nameOfBot"": ""Blenderbot"", ""botSuggestions"": []}, {""message"": ""Good too, thanks"", ""senderID"": 4, ""createdAt"": 1616825653361, ""botSuggestions"": []}, {""message"": ""Do you like the tv show friends?"", ""senderID"": 1, ""createdAt"": 1616825668275, ""botSuggestions"": []}, {""message"": ""Yes"", ""senderID"": 4, ""createdAt"": 1616825674314, ""botSuggestions"": []}, {""message"": ""Do you think ross and rachel were on a break?"", ""senderID"": 1, ""createdAt"": 1616825688771, ""botSuggestions"": [{""reply"": ""I'm not sure if you're being serious or not."", ""bot_name"": ""DialoGPT""}, {""reply"": ""i love to go to the beach. it's a great place to relax and have a good time."", ""bot_name"": ""Blenderbot""}]}, {""message"": ""i don't think so. i think it's more likely that they were together for a while."", ""senderID"": 4, ""createdAt"": 1616825740402, ""botSuggestions"": [{""reply"": ""I'm not sure if you're being serious or not."", ""bot_name"": ""DialoGPT""}, {""reply"": ""i love to go to the beach. it's a great place to relax and have a good time."", ""bot_name"": ""Blenderbot""}]}]";"[]";"[]";"2021-03-27 06:16:08";"2021-03-27 06:16:08"
6;4;1;"[{""message"": ""Hey"", ""senderID"": 1, ""createdAt"": 1616825603303, ""botSuggestions"": []}, {""message"": ""Hey, how are you?"", ""senderID"": 4, ""createdAt"": 1616825612032, ""nameOfBot"": ""DialoGPT"", ""botSuggestions"": []}, {""message"": ""i'm good. just got back from a long day at work. how are you?"", ""senderID"": 1, ""createdAt"": 1616825643177, ""botSuggestions"": []}, {""message"": ""Good too, thanks"", ""senderID"": 4, ""createdAt"": 1616825653312, ""botSuggestions"": []}, {""message"": ""Do you like the tv show friends?"", ""senderID"": 1, ""createdAt"": 1616825668893, ""botSuggestions"": []}, {""message"": ""Yes"", ""senderID"": 4, ""createdAt"": 1616825674264, ""botSuggestions"": [{""reply"": ""I do!"", ""bot_name"": ""DialoGPT""}]}, {""message"": ""Do you think ross and rachel were on a break?"", ""senderID"": 1, ""createdAt"": 1616825688686, ""botSuggestions"": [{""reply"": ""I do!"", ""bot_name"": ""DialoGPT""}]}, {""message"": ""i don't think so. i think it's more likely that they were together for a while."", ""senderID"": 4, ""createdAt"": 1616825740354, ""nameOfBot"": ""Blenderbot"", ""botSuggestions"": []}]";"[{""Status"": ""up"", ""CreatedAt"": 1616825620128}]";"[{""Status"": ""up"", ""CreatedAt"": 1616825627601}]";"2021-03-27 06:16:14";"2021-03-27 06:16:14"
7;4;0;"[]";"[]";"[]";"2021-03-27 06:35:12";"2021-03-27 06:35:12"
8;1;2;"[{""message"": ""Test"", ""senderID"": 1, ""createdAt"": 1616827717239, ""botSuggestions"": []}, {""message"": ""i have a test tomorrow that i am going to test. it is a test to see if my test is good or not."", ""senderID"": 2, ""createdAt"": 1616827727440, ""botSuggestions"": []}]";"[]";"[]";"2021-03-27 06:49:18";"2021-03-27 06:49:18"
9;2;1;"[{""message"": ""Test"", ""senderID"": 1, ""createdAt"": 1616827717238, ""botSuggestions"": []}, {""message"": ""i have a test tomorrow that i am going to test. it is a test to see if my test is good or not."", ""senderID"": 2, ""createdAt"": 1616827727439, ""nameOfBot"": ""Blenderbot"", ""botSuggestions"": []}]";"[]";"[]";"2021-03-27 06:49:23";"2021-03-27 06:49:23"
10;1;2;"[{""message"": ""Test"", ""senderID"": 1, ""createdAt"": 1616875465527, ""botSuggestions"": []}, {""message"": ""i have a test tomorrow that i am going to test. it is a test to see if my test is good or not."", ""senderID"": 2, ""createdAt"": 1616875472867, ""botSuggestions"": []}, {""message"": ""what kind of test are you going to take? i'm sure you'll do great!"", ""senderID"": 1, ""createdAt"": 1616875485331, ""nameOfBot"": ""Blenderbot"", ""botSuggestions"": []}]";"[]";"[]";"2021-03-27 20:05:06";"2021-03-27 20:05:06"
11;2;1;"[{""message"": ""Test"", ""senderID"": 1, ""createdAt"": 1616875466400, ""botSuggestions"": []}, {""message"": ""i have a test tomorrow that i am going to test. it is a test to see if my test is good or not."", ""senderID"": 2, ""createdAt"": 1616875473593, ""nameOfBot"": ""Blenderbot"", ""botSuggestions"": []}, {""message"": ""what kind of test are you going to take? i'm sure you'll do great!"", ""senderID"": 1, ""createdAt"": 1616875486163, ""botSuggestions"": []}]";"[]";"[]";"2021-03-27 20:05:12";"2021-03-27 20:05:12"
12;7;0;"[]";"[{""Status"": ""up"", ""CreatedAt"": 1616879357890}]";"[]";"2021-03-27 21:09:38";"2021-03-27 21:09:38"
13;1;7;"[{""message"": ""Hello friends"", ""senderID"": 7, ""createdAt"": 1616879062627, ""botSuggestions"": []}, {""message"": ""Hi there"", ""senderID"": 1, ""createdAt"": 1616879069949, ""nameOfBot"": ""DialoGPT"", ""botSuggestions"": [{""reply"": ""hello, how are you today? i just got back from a nice walk in the park."", ""bot_name"": ""Blenderbot""}]}, {""message"": ""Chai pilo"", ""senderID"": 7, ""createdAt"": 1616879073247, ""botSuggestions"": [{""reply"": ""hello, how are you today? i just got back from a nice walk in the park."", ""bot_name"": ""Blenderbot""}]}, {""message"": ""Hiya!"", ""senderID"": 7, ""createdAt"": 1616879083946, ""botSuggestions"": [{""reply"": ""Chai pilo"", ""bot_name"": ""DialoGPT""}]}, {""message"": ""hello, how are you today? i just got back from a long day at the office."", ""senderID"": 7, ""createdAt"": 1616879099137, ""botSuggestions"": [{""reply"": ""Hiya!"", ""bot_name"": ""DialoGPT""}, {""reply"": ""have you ever heard of chai pilo? she's an american singer and songwriter."", ""bot_name"": ""Blenderbot""}, {""reply"": ""hello, how are you today? i just got back from a long day at the office."", ""bot_name"": ""Blenderbot""}]}, {""message"": ""i'm doing well. i just got back from a long day at work as well."", ""senderID"": 1, ""createdAt"": 1616879111696, ""nameOfBot"": ""Blenderbot"", ""botSuggestions"": []}, {""message"": ""Good to hear."", ""senderID"": 7, ""createdAt"": 1616879128386, ""botSuggestions"": []}, {""message"": ""Have you seen the tv show friends?"", ""senderID"": 1, ""createdAt"": 1616879149264, ""botSuggestions"": []}, {""message"": ""that's good to hear. what do you do for a living, if you don't mind me asking?"", ""senderID"": 7, ""createdAt"": 1616879167722, ""botSuggestions"": []}, {""message"": ""I work as on a research project for a military project"", ""senderID"": 1, ""createdAt"": 1616879203005, ""botSuggestions"": [{""reply"": ""I work for a company that makes software for the military."", ""bot_name"": ""DialoGPT""}, {""reply"": ""i'm a stay at home mom. it's hard work, but it pays the bills."", ""bot_name"": ""Blenderbot""}]}, {""message"": ""i'm a stay at home mom. it's hard work, but it pays the bills."", ""senderID"": 1, ""createdAt"": 1616879268365, ""nameOfBot"": ""Blenderbot"", ""botSuggestions"": []}, {""message"": ""Hi"", ""senderID"": 7, ""createdAt"": 1616879319054, ""botSuggestions"": []}, {""message"": ""hi"", ""senderID"": 7, ""createdAt"": 1616879323777, ""botSuggestions"": [{""reply"": ""Hiya"", ""bot_name"": ""DialoGPT""}, {""reply"": ""hi, how are you today? i just got back from a long day at the office."", ""bot_name"": ""Blenderbot""}]}, {""message"": ""hi"", ""senderID"": 7, ""createdAt"": 1616879325653, ""botSuggestions"": [{""reply"": ""hi"", ""bot_name"": ""DialoGPT""}]}, {""message"": ""Hello"", ""senderID"": 1, ""createdAt"": 1616879330069, ""botSuggestions"": [{""reply"": ""hi, how are you today? i just got back from a long day at the office."", ""bot_name"": ""Blenderbot""}]}, {""message"": ""I am really depressed about job search"", ""senderID"": 1, ""createdAt"": 1616879352735, ""botSuggestions"": []}]";"[]";"[]";"2021-03-27 21:09:49";"2021-03-27 21:09:49"
14;1;7;"[{""message"": ""Hello"", ""senderID"": 1, ""createdAt"": 1616879403957, ""botSuggestions"": []}, {""message"": ""Hey partner"", ""senderID"": 7, ""createdAt"": 1616879411106, ""botSuggestions"": []}, {""message"": ""hi"", ""senderID"": 7, ""createdAt"": 1616879415378, ""botSuggestions"": [{""reply"": ""Hey buddy"", ""bot_name"": ""DialoGPT""}]}, {""message"": ""hi, how are you doing today? i just got back from a long day at work."", ""senderID"": 1, ""createdAt"": 1616879426202, ""nameOfBot"": ""Blenderbot"", ""botSuggestions"": [{""reply"": ""hi, how are you today? i just got back from a long day at the office."", ""bot_name"": ""Blenderbot""}]}, {""message"": ""Do you watch tarak mehta"", ""senderID"": 7, ""createdAt"": 1616879431234, ""botSuggestions"": [{""reply"": ""hi, how are you today? i just got back from a long day at the office."", ""bot_name"": ""Blenderbot""}]}, {""message"": ""i've never heard of tarak mehta. i'll have to check it out."", ""senderID"": 1, ""createdAt"": 1616879457619, ""nameOfBot"": ""Blenderbot"", ""botSuggestions"": []}, {""message"": ""Hi"", ""senderID"": 7, ""createdAt"": 1616879505038, ""botSuggestions"": []}, {""message"": ""Hiya"", ""senderID"": 1, ""createdAt"": 1616879512695, ""nameOfBot"": ""DialoGPT"", ""botSuggestions"": [{""reply"": ""hi, how are you today? i just got back from a long day at the office."", ""bot_name"": ""Blenderbot""}]}, {""message"": ""Hello tejas"", ""senderID"": 7, ""createdAt"": 1616879522280, ""botSuggestions"": [{""reply"": ""hi, how are you today? i just got back from a long day at the office."", ""bot_name"": ""Blenderbot""}]}, {""message"": ""how are you?"", ""senderID"": 7, ""createdAt"": 1616879528542, ""botSuggestions"": [{""reply"": ""Hi! :D"", ""bot_name"": ""DialoGPT""}]}, {""message"": ""i cant see your texts"", ""senderID"": 7, ""createdAt"": 1616879537881, ""botSuggestions"": []}, {""message"": ""I'm good how are you?"", ""senderID"": 1, ""createdAt"": 1616879538639, ""botSuggestions"": [{""reply"": ""I'm good, you?"", ""bot_name"": ""DialoGPT""}, {""reply"": ""hello, how are you today? i just got back from a long day at the office."", ""bot_name"": ""Blenderbot""}, {""reply"": ""I can't see your texts"", ""bot_name"": ""DialoGPT""}, {""reply"": ""i'm good. just got back from a long day at work. how are you?"", ""bot_name"": ""Blenderbot""}, {""reply"": ""i'm sorry to hear that. i can't see them either. are you able to see them?"", ""bot_name"": ""Blenderbot""}]}, {""message"": ""I can see your texts"", ""senderID"": 1, ""createdAt"": 1616879557014, ""botSuggestions"": []}]";"[]";"[]";"2021-03-27 21:13:21";"2021-03-27 21:13:21"
15;8;9;"[{""message"": ""Hello"", ""senderID"": 8, ""createdAt"": 1616879028412, ""botSuggestions"": []}, {""message"": ""Hi Eve!"", ""senderID"": 8, ""createdAt"": 1616879038827, ""botSuggestions"": []}, {""message"": ""Hi"", ""senderID"": 9, ""createdAt"": 1616879042628, ""botSuggestions"": []}, {""message"": ""F U"", ""senderID"": 8, ""createdAt"": 1616879044215, ""botSuggestions"": [{""reply"": ""Hiya"", ""bot_name"": ""DialoGPT""}]}, {""message"": ""DA"", ""senderID"": 8, ""createdAt"": 1616879050974, ""botSuggestions"": [{""reply"": ""hi, how are you today? i just got back from a long day at the office."", ""bot_name"": ""Blenderbot""}]}, {""message"": ""Go make Maggi!"", ""senderID"": 8, ""createdAt"": 1616879057795, ""botSuggestions"": []}, {""message"": ""Don't spend 59893 hours on the phone"", ""senderID"": 8, ""createdAt"": 1616879071988, ""botSuggestions"": []}, {""message"": ""In the process"", ""senderID"": 9, ""createdAt"": 1616879076011, ""botSuggestions"": []}, {""message"": ""what are you going to do in the process? i'm not sure what i want to do yet."", ""senderID"": 8, ""createdAt"": 1616879115125, ""nameOfBot"": ""Blenderbot"", ""botSuggestions"": []}, {""message"": ""I'm not. I'm just curious."", ""senderID"": 9, ""createdAt"": 1616879116972, ""botSuggestions"": []}, {""message"": ""i'm not either. i don't know what i'd do without her."", ""senderID"": 8, ""createdAt"": 1616879144121, ""nameOfBot"": ""Blenderbot"", ""botSuggestions"": []}, {""message"": ""Do you like crime patrol "", ""senderID"": 9, ""createdAt"": 1616879166430, ""botSuggestions"": []}, {""message"": ""I like them, but I don't like them as much as I like the police."", ""senderID"": 8, ""createdAt"": 1616879236046, ""nameOfBot"": ""DialoGPT"", ""botSuggestions"": []}, {""message"": ""Execute order 66"", ""senderID"": 8, ""createdAt"": 1616879256506, ""botSuggestions"": []}, {""message"": ""I know what you mean. I'm not sure what I'd do without her."", ""senderID"": 9, ""createdAt"": 1616879296683, ""botSuggestions"": []}, {""message"": ""Hello There"", ""senderID"": 8, ""createdAt"": 1616879310138, ""botSuggestions"": [{""reply"": ""I know what you mean. I'm not sure what I'd do without her.I'm not sure what I'd do without her.I'm not sure what I'd do without her."", ""bot_name"": ""DialoGPT""}]}]";"[]";"[]";"2021-03-27 21:14:13";"2021-03-27 21:14:13"
16;1;10;"[{""message"": ""Hey"", ""senderID"": 1, ""createdAt"": 1616880244899, ""botSuggestions"": []}, {""message"": ""How are you?"", ""senderID"": 1, ""createdAt"": 1616880272959, ""botSuggestions"": []}, {""message"": ""I am in Aus at the moment for a business trip...."", ""senderID"": 10, ""createdAt"": 1616880291145, ""botSuggestions"": []}, {""message"": ""that's cool. what kind of business are you going to do in austrailia?"", ""senderID"": 1, ""createdAt"": 1616880308698, ""nameOfBot"": ""Blenderbot"", ""botSuggestions"": []}, {""message"": ""So it's a morning for me haha"", ""senderID"": 10, ""createdAt"": 1616880311200, ""botSuggestions"": []}, {""message"": ""That's nice"", ""senderID"": 1, ""createdAt"": 1616880333892, ""botSuggestions"": []}, {""message"": ""Yeah, it's lovely"", ""senderID"": 10, ""createdAt"": 1616880336196, ""botSuggestions"": []}, {""message"": ""I'm in US"", ""senderID"": 1, ""createdAt"": 1616880341284, ""botSuggestions"": [{""reply"": ""I'm glad you like it."", ""bot_name"": ""DialoGPT""}]}, {""message"": ""How's the weather?"", ""senderID"": 1, ""createdAt"": 1616880347290, ""botSuggestions"": [{""reply"": ""it really is. i can't believe it's been so long since i've seen it."", ""bot_name"": ""Blenderbot""}]}, {""message"": ""I guessed "", ""senderID"": 10, ""createdAt"": 1616880368653, ""botSuggestions"": [{""reply"": ""it really is. i can't believe it's been so long since i've seen it."", ""bot_name"": ""Blenderbot""}]}, {""message"": ""Are you in Chicago as well? "", ""senderID"": 10, ""createdAt"": 1616880380940, ""botSuggestions"": [{""reply"": ""I guessed"", ""bot_name"": ""DialoGPT""}, {""reply"": ""i did too! i was so happy when i found out that it was my first time."", ""bot_name"": ""Blenderbot""}]}, {""message"": ""Yes I am"", ""senderID"": 1, ""createdAt"": 1616880391695, ""botSuggestions"": []}, {""message"": ""And I am guessing again that you know Tejas?"", ""senderID"": 10, ""createdAt"": 1616880393040, ""botSuggestions"": []}, {""message"": ""I know Tejas, yes."", ""senderID"": 1, ""createdAt"": 1616880409002, ""nameOfBot"": ""DialoGPT"", ""botSuggestions"": []}, {""message"": ""The weather's been okay. "", ""senderID"": 10, ""createdAt"": 1616880430406, ""botSuggestions"": []}, {""message"": ""What are your interests?"", ""senderID"": 1, ""createdAt"": 1616880433502, ""botSuggestions"": [{""reply"": ""I'm in the middle of a thunderstorm."", ""bot_name"": ""DialoGPT""}]}, {""message"": ""19 degree celsius"", ""senderID"": 10, ""createdAt"": 1616880440140, ""botSuggestions"": [{""reply"": ""I'm in the middle of a thunderstorm."", ""bot_name"": ""DialoGPT""}]}, {""message"": ""i like to read and play video games. i'm not very good at it though."", ""senderID"": 10, ""createdAt"": 1616880455500, ""nameOfBot"": ""Blenderbot"", ""botSuggestions"": [{""reply"": ""that's good to hear. what do you like to do for fun in your spare time?"", ""bot_name"": ""Blenderbot""}, {""reply"": ""I'm not sure what you mean by that."", ""bot_name"": ""DialoGPT""}, {""reply"": ""have you ever been to florida? that's where i live. it's hot here."", ""bot_name"": ""Blenderbot""}]}, {""message"": ""what kind of video games do you like to play? i'm not very good at it either."", ""senderID"": 1, ""createdAt"": 1616880466569, ""nameOfBot"": ""Blenderbot"", ""botSuggestions"": []}, {""message"": ""Do you know today is a big indian festival?"", ""senderID"": 10, ""createdAt"": 1616880475676, ""botSuggestions"": []}, {""message"": ""I like to play a lot of games. I like to play games like Diablo, League of Legends, and Overwatch."", ""senderID"": 10, ""createdAt"": 1616880495536, ""nameOfBot"": ""Blenderbot"", ""botSuggestions"": [{""reply"": ""no i don't know much about indian festivals. what's the name of it?"", ""bot_name"": ""Blenderbot""}, {""reply"": ""I know it's a big festival, but I don't know if it's the biggest."", ""bot_name"": ""DialoGPT""}]}, {""message"": ""no i don't know much about indian festivals. what's the name of it?"", ""senderID"": 1, ""createdAt"": 1616880498497, ""botSuggestions"": [{""reply"": ""i've never played league of legends, but i know it's a great game. what's your favorite character?"", ""bot_name"": ""Blenderbot""}]}, {""message"": ""Holi - Festivals of color"", ""senderID"": 10, ""createdAt"": 1616880511925, ""botSuggestions"": [{""reply"": ""i've never played league of legends, but i know it's a great game. what's your favorite character?"", ""bot_name"": ""Blenderbot""}]}, {""message"": ""have you ever been to a holi festival? it's a festival in which a group of people attend a festival."", ""senderID"": 1, ""createdAt"": 1616880536460, ""nameOfBot"": ""Blenderbot"", ""botSuggestions"": []}, {""message"": ""What do you do for a living?"", ""senderID"": 1, ""createdAt"": 1616880602624, ""botSuggestions"": []}]";"[{""Status"": ""up"", ""CreatedAt"": 1616880474567}, {""Status"": ""up"", ""CreatedAt"": 1616880539187}]";"[{""Status"": ""up"", ""CreatedAt"": 1616880475815}, {""Status"": ""up"", ""CreatedAt"": 1616880542147}]";"2021-03-27 21:30:23";"2021-03-27 21:30:23"
17;1;0;"[]";"[]";"[]";"2021-03-27 21:34:37";"2021-03-27 21:34:37"
18;1;0;"[]";"[]";"[]";"2021-03-27 21:34:43";"2021-03-27 21:34:43"
19;1;0;"[]";"[]";"[]";"2021-03-27 21:35:10";"2021-03-27 21:35:10"
20;1;11;"[{""message"": ""Hi there"", ""senderID"": 1, ""createdAt"": 1616884344978, ""botSuggestions"": []}, {""message"": ""How's it going?"", ""senderID"": 1, ""createdAt"": 1616884369761, ""botSuggestions"": []}]";"[]";"[]";"2021-03-27 22:33:33";"2021-03-27 22:33:33"
21;12;1;"[]";"[]";"[]";"2021-03-28 01:37:02";"2021-03-28 01:37:02"
22;13;1;"[{""message"": ""Hi"", ""senderID"": 13, ""createdAt"": 1616901438096, ""botSuggestions"": []}]";"[]";"[]";"2021-03-28 03:17:42";"2021-03-28 03:17:42"
23;4;0;"[]";"[]";"[]";"2021-03-28 10:02:22";"2021-03-28 10:02:22"
24;1;0;"[]";"[]";"[]";"2021-03-28 18:17:54";"2021-03-28 18:17:54"
25;16;1;"[{""message"": ""I am bit exhausted, I have become a couch potato since laid off"", ""senderID"": 16, ""createdAt"": 1616957829670, ""botSuggestions"": []}]";"[]";"[]";"2021-03-28 18:57:49";"2021-03-28 18:57:49"
26;16;1;"[{""message"": ""Hey"", ""senderID"": 1, ""createdAt"": 1616957978646, ""botSuggestions"": []}, {""message"": ""How are you?"", ""senderID"": 1, ""createdAt"": 1616957998702, ""botSuggestions"": [{""reply"": ""Hey, how are you?"", ""bot_name"": ""DialoGPT""}, {""reply"": ""hello, how are you today? i just got back from a long day at the office."", ""bot_name"": ""Blenderbot""}]}, {""message"": ""i'm good. just got back from a long day at work. how are you?"", ""senderID"": 16, ""createdAt"": 1616958016928, ""nameOfBot"": ""Blenderbot"", ""botSuggestions"": []}, {""message"": ""I'm good. Just woke up."", ""senderID"": 1, ""createdAt"": 1616958032429, ""botSuggestions"": []}, {""message"": ""that's good to hear. what are you going to do with the rest of your day?"", ""senderID"": 16, ""createdAt"": 1616958050377, ""nameOfBot"": ""Blenderbot"", ""botSuggestions"": []}, {""message"": ""i'm going to go for a walk. i've never been so bored in my life."", ""senderID"": 1, ""createdAt"": 1616958063902, ""botSuggestions"": []}, {""message"": ""same here, I am exhausted "", ""senderID"": 16, ""createdAt"": 1616958087813, ""botSuggestions"": []}, {""message"": ""What do you do for fun?"", ""senderID"": 1, ""createdAt"": 1616958101306, ""botSuggestions"": []}, {""message"": ""We are making a plan for millennium park today "", ""senderID"": 16, ""createdAt"": 1616958112118, ""botSuggestions"": [{""reply"": ""i like to play video games and watch netflix. do you play any video games?"", ""bot_name"": ""Blenderbot""}]}, {""message"": ""are you able to join?"", ""senderID"": 16, ""createdAt"": 1616958118533, ""botSuggestions"": []}, {""message"": ""ISA flash mob is there"", ""senderID"": 16, ""createdAt"": 1616958132982, ""botSuggestions"": []}, {""message"": ""that sounds like a lot of fun. what kind of plans are you going to have there?"", ""senderID"": 1, ""createdAt"": 1616958134813, ""botSuggestions"": []}, {""message"": ""I'm planning to stay at home and watch some anime"", ""senderID"": 1, ""createdAt"": 1616958179333, ""botSuggestions"": []}, {""message"": ""just going to attend flash mob & will get some sight seeing"", ""senderID"": 16, ""createdAt"": 1616958179388, ""botSuggestions"": []}, {""message"": ""That sounds fun"", ""senderID"": 1, ""createdAt"": 1616958192009, ""botSuggestions"": []}, {""message"": ""cool "", ""senderID"": 16, ""createdAt"": 1616958193683, ""botSuggestions"": []}, {""message"": ""yes.."", ""senderID"": 16, ""createdAt"": 1616958197071, ""botSuggestions"": []}, {""message"": ""Do you like star wars?"", ""senderID"": 1, ""createdAt"": 1616958202269, ""botSuggestions"": []}, {""message"": ""but this app seems require attention."", ""senderID"": 16, ""createdAt"": 1616958211459, ""botSuggestions"": [{""reply"": ""I'm planning to stay at home and watch some anime"", ""bot_name"": ""DialoGPT""}, {""reply"": ""that sounds like fun. what kind of anime are you watching? i've never watched anime."", ""bot_name"": ""Blenderbot""}]}, {""message"": ""Its not quick to comprehend"", ""senderID"": 16, ""createdAt"": 1616958224253, ""botSuggestions"": []}, {""message"": ""I guess"", ""senderID"": 16, ""createdAt"": 1616958228205, ""botSuggestions"": [{""reply"": ""I like Star Wars."", ""bot_name"": ""DialoGPT""}]}, {""message"": ""I like Star Wars."", ""senderID"": 16, ""createdAt"": 1616958241180, ""nameOfBot"": ""DialoGPT"", ""botSuggestions"": [{""reply"": ""it was a lot of fun. i think i'm going to do it again soon."", ""bot_name"": ""Blenderbot""}]}, {""message"": ""it was a lot of fun. i think i'm going to do it again soon."", ""senderID"": 16, ""createdAt"": 1616958248868, ""nameOfBot"": ""Blenderbot"", ""botSuggestions"": [{""reply"": ""i love star wars! it's my favorite franchise of all time. what about you?"", ""bot_name"": ""Blenderbot""}]}, {""message"": ""Yes the prediction takes time since the university is low on funding"", ""senderID"": 1, ""createdAt"": 1616958260682, ""botSuggestions"": [{""reply"": ""i love star wars! it's my favorite franchise of all time. what about you?"", ""bot_name"": ""Blenderbot""}]}, {""message"": ""So you made it."", ""senderID"": 16, ""createdAt"": 1616958272229, ""botSuggestions"": []}, {""message"": ""thats great"", ""senderID"": 16, ""createdAt"": 1616958277485, ""botSuggestions"": []}, {""message"": ""Thank you"", ""senderID"": 1, ""createdAt"": 1616958283677, ""botSuggestions"": []}, {""message"": ""awesome"", ""senderID"": 16, ""createdAt"": 1616958288799, ""botSuggestions"": [{""reply"": ""I know, but it's still a good idea."", ""bot_name"": ""DialoGPT""}, {""reply"": ""You're welcome"", ""bot_name"": ""DialoGPT""}]}, {""message"": ""I also created nlp based chatbot earlier"", ""senderID"": 16, ""createdAt"": 1616958298973, ""botSuggestions"": []}, {""message"": ""2 years back"", ""senderID"": 16, ""createdAt"": 1616958302650, ""botSuggestions"": [{""reply"": ""that's true. i'm not sure if i'll be able to get in."", ""bot_name"": ""Blenderbot""}]}, {""message"": ""see you"", ""senderID"": 16, ""createdAt"": 1616958317708, ""botSuggestions"": []}, {""message"": ""Recommend it to your friends and help me gather data"", ""senderID"": 1, ""createdAt"": 1616958326004, ""botSuggestions"": []}, {""message"": ""sure"", ""senderID"": 16, ""createdAt"": 1616958332407, ""botSuggestions"": []}]";"[{""Status"": ""up"", ""CreatedAt"": 1616958054199}]";"[{""Status"": ""up"", ""CreatedAt"": 1616958056700}]";"2021-03-28 19:05:57";"2021-03-28 19:05:57"
27;1;16;"[{""message"": ""Hey"", ""senderID"": 1, ""createdAt"": 1616957980223, ""botSuggestions"": []}, {""message"": ""How are you?"", ""senderID"": 1, ""createdAt"": 1616958000303, ""botSuggestions"": []}, {""message"": ""i'm good. just got back from a long day at work. how are you?"", ""senderID"": 16, ""createdAt"": 1616958018572, ""botSuggestions"": []}, {""message"": ""I'm good. Just woke up."", ""senderID"": 1, ""createdAt"": 1616958034010, ""nameOfBot"": ""DialoGPT"", ""botSuggestions"": []}, {""message"": ""that's good to hear. what are you going to do with the rest of your day?"", ""senderID"": 16, ""createdAt"": 1616958051979, ""botSuggestions"": []}, {""message"": ""i'm going to go for a walk. i've never been so bored in my life."", ""senderID"": 1, ""createdAt"": 1616958065503, ""nameOfBot"": ""Blenderbot"", ""botSuggestions"": []}, {""message"": ""same here, I am exhausted "", ""senderID"": 16, ""createdAt"": 1616958089398, ""botSuggestions"": []}, {""message"": ""What do you do for fun?"", ""senderID"": 1, ""createdAt"": 1616958102847, ""botSuggestions"": []}, {""message"": ""We are making a plan for millennium park today "", ""senderID"": 16, ""createdAt"": 1616958113938, ""botSuggestions"": []}, {""message"": ""are you able to join?"", ""senderID"": 16, ""createdAt"": 1616958120176, ""botSuggestions"": []}, {""message"": ""ISA flash mob is there"", ""senderID"": 16, ""createdAt"": 1616958134576, ""nameOfBot"": ""Blenderbot"", ""botSuggestions"": [{""reply"": ""I'm going to be there."", ""bot_name"": ""DialoGPT""}, {""reply"": ""that sounds like a lot of fun. what kind of plans are you going to have there?"", ""bot_name"": ""Blenderbot""}, {""reply"": ""I can join, but I can't join the server."", ""bot_name"": ""DialoGPT""}, {""reply"": ""i am, but i'm not sure if i'll be able to make it."", ""bot_name"": ""Blenderbot""}]}, {""message"": ""that sounds like a lot of fun. what kind of plans are you going to have there?"", ""senderID"": 1, ""createdAt"": 1616958136393, ""botSuggestions"": [{""reply"": ""I'm not sure if it's a flash mob or a flash mob."", ""bot_name"": ""DialoGPT""}, {""reply"": ""have you ever been to a flash mob? it's a group of people who perform in the flash mob."", ""bot_name"": ""Blenderbot""}]}, {""message"": ""I'm planning to stay at home and watch some anime"", ""senderID"": 1, ""createdAt"": 1616958180873, ""botSuggestions"": []}, {""message"": ""just going to attend flash mob & will get some sight seeing"", ""senderID"": 16, ""createdAt"": 1616958181018, ""botSuggestions"": []}, {""message"": ""That sounds fun"", ""senderID"": 1, ""createdAt"": 1616958193593, ""botSuggestions"": [{""reply"": ""that sounds like a lot of fun. what are you going to do in the flash mob?"", ""bot_name"": ""Blenderbot""}]}, {""message"": ""cool "", ""senderID"": 16, ""createdAt"": 1616958195524, ""botSuggestions"": [{""reply"": ""that sounds like a lot of fun. what are you going to do in the flash mob?"", ""bot_name"": ""Blenderbot""}]}, {""message"": ""yes.."", ""senderID"": 16, ""createdAt"": 1616958198735, ""botSuggestions"": []}, {""message"": ""Do you like star wars?"", ""senderID"": 1, ""createdAt"": 1616958203739, ""botSuggestions"": []}, {""message"": ""but this app seems require attention."", ""senderID"": 16, ""createdAt"": 1616958223642, ""botSuggestions"": []}, {""message"": ""Its not quick to comprehend"", ""senderID"": 16, ""createdAt"": 1616958225862, ""botSuggestions"": [{""reply"": ""do you have any hobbies? i like to go to the beach and enjoy nature."", ""bot_name"": ""Blenderbot""}, {""reply"": ""Thanks! I'm glad you like it."", ""bot_name"": ""DialoGPT""}, {""reply"": ""I'm not sure what you mean by that."", ""bot_name"": ""DialoGPT""}]}, {""message"": ""I guess"", ""senderID"": 16, ""createdAt"": 1616958229817, ""botSuggestions"": []}, {""message"": ""I like Star Wars."", ""senderID"": 16, ""createdAt"": 1616958243677, ""botSuggestions"": [{""reply"": ""i'm not sure if it's a good thing or a bad thing..."", ""bot_name"": ""Blenderbot""}, {""reply"": ""I guess"", ""bot_name"": ""DialoGPT""}]}, {""message"": ""it was a lot of fun. i think i'm going to do it again soon."", ""senderID"": 16, ""createdAt"": 1616958256854, ""botSuggestions"": [{""reply"": ""I'm not sure what you mean."", ""bot_name"": ""DialoGPT""}, {""reply"": ""what do you mean by that? i'm not sure what you're talking about."", ""bot_name"": ""Blenderbot""}]}, {""message"": ""Yes the prediction takes time since the university is low on funding"", ""senderID"": 1, ""createdAt"": 1616958262328, ""botSuggestions"": [{""reply"": ""i like star wars as well. it's one of my favorite sci - fi movies."", ""bot_name"": ""Blenderbot""}, {""reply"": ""I hope you do!"", ""bot_name"": ""DialoGPT""}, {""reply"": ""that's a good idea. i'm sure you'll do it again soon."", ""bot_name"": ""Blenderbot""}]}, {""message"": ""So you made it."", ""senderID"": 16, ""createdAt"": 1616958273862, ""botSuggestions"": [{""reply"": ""i like star wars as well. it's one of my favorite sci - fi movies."", ""bot_name"": ""Blenderbot""}, {""reply"": ""I hope you do!"", ""bot_name"": ""DialoGPT""}, {""reply"": ""that's a good idea. i'm sure you'll do it again soon."", ""bot_name"": ""Blenderbot""}]}, {""message"": ""thats great"", ""senderID"": 16, ""createdAt"": 1616958279112, ""botSuggestions"": []}, {""message"": ""Thank you"", ""senderID"": 1, ""createdAt"": 1616958285247, ""botSuggestions"": []}, {""message"": ""awesome"", ""senderID"": 16, ""createdAt"": 1616958290539, ""botSuggestions"": []}, {""message"": ""I also created nlp based chatbot earlier"", ""senderID"": 16, ""createdAt"": 1616958300855, ""botSuggestions"": [{""reply"": ""Thanks! I'm glad you like it."", ""bot_name"": ""DialoGPT""}, {""reply"": ""yes, i did. i'm so proud of myself for doing such a great job."", ""bot_name"": ""Blenderbot""}]}, {""message"": ""2 years back"", ""senderID"": 16, ""createdAt"": 1616958304311, ""botSuggestions"": []}, {""message"": ""see you"", ""senderID"": 16, ""createdAt"": 1616958319367, ""botSuggestions"": [{""reply"": ""Thanks! I'm glad you like it."", ""bot_name"": ""DialoGPT""}, {""reply"": ""thank you so much! i'm so proud of you! i hope you have a great day!"", ""bot_name"": ""Blenderbot""}, {""reply"": ""yeah, it's been a long time since i've been able to do that."", ""bot_name"": ""Blenderbot""}]}, {""message"": ""Recommend it to your friends and help me gather data"", ""senderID"": 1, ""createdAt"": 1616958327589, ""botSuggestions"": [{""reply"": ""wow, that's a long time ago. how long have you been with your family?"", ""bot_name"": ""Blenderbot""}]}, {""message"": ""sure"", ""senderID"": 16, ""createdAt"": 1616958334295, ""botSuggestions"": [{""reply"": ""wow, that's a long time ago. how long have you been with your family?"", ""bot_name"": ""Blenderbot""}]}]";"[]";"[]";"2021-03-28 19:06:02";"2021-03-28 19:06:02"
28;18;17;"[{""message"": ""Hi"", ""senderID"": 18, ""createdAt"": 1616959569194, ""botSuggestions"": []}]";"[]";"[]";"2021-03-28 19:26:51";"2021-03-28 19:26:51"
29;19;18;"[{""message"": ""Hello"", ""senderID"": 18, ""createdAt"": 1616959676236, ""botSuggestions"": []}, {""message"": ""Hiya"", ""senderID"": 19, ""createdAt"": 1616959700623, ""nameOfBot"": ""DialoGPT"", ""botSuggestions"": []}, {""message"": ""Hey, you're not OP."", ""senderID"": 18, ""createdAt"": 1616959711467, ""botSuggestions"": []}, {""message"": ""I'm not OP?"", ""senderID"": 19, ""createdAt"": 1616959721168, ""nameOfBot"": ""DialoGPT"", ""botSuggestions"": []}, {""message"": ""what is OP?"", ""senderID"": 19, ""createdAt"": 1616959734952, ""botSuggestions"": []}, {""message"": ""original poster. i'm so proud of him. he's such a great person."", ""senderID"": 18, ""createdAt"": 1616959747822, ""botSuggestions"": []}, {""message"": ""I'm so glad you're proud of him."", ""senderID"": 19, ""createdAt"": 1616959764546, ""nameOfBot"": ""DialoGPT"", ""botSuggestions"": []}, {""message"": ""i am too. i am so proud of him for doing such a great job. i can't wait to see what he does next."", ""senderID"": 18, ""createdAt"": 1616959784382, ""botSuggestions"": []}, {""message"": ""I'm so excited for the next season."", ""senderID"": 19, ""createdAt"": 1616959800663, ""nameOfBot"": ""DialoGPT"", ""botSuggestions"": []}, {""message"": ""what's the next season? i'm not sure i've heard of it."", ""senderID"": 18, ""createdAt"": 1616959820943, ""botSuggestions"": []}, {""message"": ""its a song"", ""senderID"": 19, ""createdAt"": 1616959840340, ""botSuggestions"": []}, {""message"": ""of ice and fire"", ""senderID"": 19, ""createdAt"": 1616959844141, ""botSuggestions"": []}, {""message"": ""have you ever read the book \"" the winds of winter \"" by george r. r. martin?"", ""senderID"": 18, ""createdAt"": 1616959870198, ""botSuggestions"": []}, {""message"": ""Ohh yeaah"", ""senderID"": 19, ""createdAt"": 1616959898107, ""botSuggestions"": []}, {""message"": ""its really awesome dude"", ""senderID"": 19, ""createdAt"": 1616959906389, ""botSuggestions"": []}]";"[]";"[]";"2021-03-28 19:32:18";"2021-03-28 19:32:18"
30;18;19;"[{""message"": ""Hello"", ""senderID"": 18, ""createdAt"": 1616959676208, ""botSuggestions"": []}, {""message"": ""Hiya"", ""senderID"": 19, ""createdAt"": 1616959700792, ""botSuggestions"": []}, {""message"": ""Hey, you're not OP."", ""senderID"": 18, ""createdAt"": 1616959711442, ""nameOfBot"": ""DialoGPT"", ""botSuggestions"": [{""reply"": ""hello, how are you today? i just got back from a long day at the office."", ""bot_name"": ""Blenderbot""}]}, {""message"": ""I'm not OP?"", ""senderID"": 19, ""createdAt"": 1616959721272, ""botSuggestions"": [{""reply"": ""hello, how are you today? i just got back from a long day at the office."", ""bot_name"": ""Blenderbot""}]}, {""message"": ""what is OP?"", ""senderID"": 19, ""createdAt"": 1616959735097, ""botSuggestions"": [{""reply"": ""I'm not OP either."", ""bot_name"": ""DialoGPT""}, {""reply"": ""i'm not sure what you mean by that. do you mean that you're not op?"", ""bot_name"": ""Blenderbot""}]}, {""message"": ""original poster. i'm so proud of him. he's such a great person."", ""senderID"": 18, ""createdAt"": 1616959747771, ""nameOfBot"": ""Blenderbot"", ""botSuggestions"": []}, {""message"": ""I'm so glad you're proud of him."", ""senderID"": 19, ""createdAt"": 1616959764692, ""botSuggestions"": []}, {""message"": ""i am too. i am so proud of him for doing such a great job. i can't wait to see what he does next."", ""senderID"": 18, ""createdAt"": 1616959784340, ""nameOfBot"": ""Blenderbot"", ""botSuggestions"": []}, {""message"": ""I'm so excited for the next season."", ""senderID"": 19, ""createdAt"": 1616959800696, ""botSuggestions"": []}, {""message"": ""what's the next season? i'm not sure i've heard of it."", ""senderID"": 18, ""createdAt"": 1616959820871, ""nameOfBot"": ""Blenderbot"", ""botSuggestions"": []}, {""message"": ""its a song"", ""senderID"": 19, ""createdAt"": 1616959840366, ""botSuggestions"": []}, {""message"": ""of ice and fire"", ""senderID"": 19, ""createdAt"": 1616959844258, ""botSuggestions"": []}, {""message"": ""have you ever read the book \"" the winds of winter \"" by george r. r. martin?"", ""senderID"": 18, ""createdAt"": 1616959870222, ""nameOfBot"": ""Blenderbot"", ""botSuggestions"": []}, {""message"": ""Ohh yeaah"", ""senderID"": 19, ""createdAt"": 1616959898223, ""botSuggestions"": []}, {""message"": ""its really awesome dude"", ""senderID"": 19, ""createdAt"": 1616959906518, ""botSuggestions"": []}]";"[]";"[]";"2021-03-28 19:32:23";"2021-03-28 19:32:23"
31;19;0;"[]";"[]";"[]";"2021-03-28 19:32:49";"2021-03-28 19:32:49"
32;1;19;"[{""message"": ""Hey"", ""senderID"": 1, ""createdAt"": 1617032430728, ""botSuggestions"": []}, {""message"": ""Hello"", ""senderID"": 1, ""createdAt"": 1617032444007, ""botSuggestions"": []}]";"[]";"[]";"2021-03-29 15:41:31";"2021-03-29 15:41:31"
33;1;20;"[{""message"": ""Hello there"", ""senderID"": 1, ""createdAt"": 1617032472392, ""botSuggestions"": []}, {""message"": ""Hello there! Obi Van Kenobi! "", ""senderID"": 20, ""createdAt"": 1617032475633, ""botSuggestions"": []}, {""message"": ""hello, how are you doing today? i just got back from a long day at work."", ""senderID"": 20, ""createdAt"": 1617032516776, ""botSuggestions"": [{""reply"": ""Hello there!"", ""bot_name"": ""DialoGPT""}, {""reply"": ""hello there! how are you? i'm a big fan of him. what's your favorite song?"", ""bot_name"": ""Blenderbot""}]}, {""message"": ""Do you like the light side or the dark side?"", ""senderID"": 1, ""createdAt"": 1617032524145, ""botSuggestions"": [{""reply"": ""I'm doing great, thanks for asking."", ""bot_name"": ""DialoGPT""}, {""reply"": ""i'm doing well. i just got back from a long day at work as well."", ""bot_name"": ""Blenderbot""}]}, {""message"": ""I like the red side if you understand!"", ""senderID"": 20, ""createdAt"": 1617032547837, ""botSuggestions"": [{""reply"": ""I'm doing great, thanks for asking."", ""bot_name"": ""DialoGPT""}, {""reply"": ""i'm doing well. i just got back from a long day at work as well."", ""bot_name"": ""Blenderbot""}]}, {""message"": ""yes, i do. what's your favorite color? i'm a big fan of red."", ""senderID"": 1, ""createdAt"": 1617032570668, ""nameOfBot"": ""Blenderbot"", ""botSuggestions"": []}, {""message"": ""I like blue."", ""senderID"": 20, ""createdAt"": 1617032580243, ""botSuggestions"": []}, {""message"": ""Where are you from?"", ""senderID"": 1, ""createdAt"": 1617032603541, ""botSuggestions"": []}, {""message"": ""Ukraine"", ""senderID"": 20, ""createdAt"": 1617032610245, ""botSuggestions"": []}, {""message"": ""and You?"", ""senderID"": 20, ""createdAt"": 1617032616027, ""botSuggestions"": [{""reply"": ""."", ""bot_name"": ""DialoGPT""}]}, {""message"": ""have you ever been to russia? it's a sovereign state in the eastern part of europe."", ""senderID"": 1, ""createdAt"": 1617032628837, ""nameOfBot"": ""Blenderbot"", ""botSuggestions"": [{""reply"": ""i'm fine. i've got a lot of work to do, but it's worth it in the end."", ""bot_name"": ""Blenderbot""}]}, {""message"": ""i've never been to russia, but i know it's a sovereign state in the eastern part of europe."", ""senderID"": 20, ""createdAt"": 1617032663369, ""botSuggestions"": [{""reply"": ""i'm fine. i've got a lot of work to do, but it's worth it in the end."", ""bot_name"": ""Blenderbot""}]}, {""message"": ""Hello Tejas"", ""senderID"": 20, ""createdAt"": 1617032700417, ""botSuggestions"": [{""reply"": ""It's not a sovereign state."", ""bot_name"": ""DialoGPT""}, {""reply"": ""i've never been to russia, but i know it's a sovereign state in the eastern part of europe."", ""bot_name"": ""Blenderbot""}]}, {""message"": ""or should i call you TejASS"", ""senderID"": 20, ""createdAt"": 1617032715824, ""botSuggestions"": [{""reply"": ""Hi! :D"", ""bot_name"": ""DialoGPT""}, {""reply"": ""hello, how are you today? i just got back from a long day at the office."", ""bot_name"": ""Blenderbot""}]}, {""message"": ""Hahaha"", ""senderID"": 1, ""createdAt"": 1617032725634, ""botSuggestions"": [{""reply"": ""I'm not sure what you mean."", ""bot_name"": ""DialoGPT""}, {""reply"": ""i'm not sure what that's supposed to mean. i don't know what that means."", ""bot_name"": ""Blenderbot""}]}, {""message"": ""i'm not sure what that's supposed to mean. i don't know what that means."", ""senderID"": 1, ""createdAt"": 1617032744638, ""nameOfBot"": ""Blenderbot"", ""botSuggestions"": []}, {""message"": ""I think it means that you're not a fan of the show."", ""senderID"": 20, ""createdAt"": 1617032779084, ""botSuggestions"": []}]";"[{""Status"": ""up"", ""CreatedAt"": 1617032763605}]";"[{""Status"": ""up"", ""CreatedAt"": 1617032765199}]";"2021-03-29 15:47:03";"2021-03-29 15:47:03"
34;20;1;"[{""message"": ""Hello there"", ""senderID"": 1, ""createdAt"": 1617032475197, ""botSuggestions"": []}, {""message"": ""Hello there! Obi Van Kenobi! "", ""senderID"": 20, ""createdAt"": 1617032478038, ""botSuggestions"": [{""reply"": ""hello, how are you doing today? i just got back from a long day at work."", ""bot_name"": ""Blenderbot""}]}, {""message"": ""hello, how are you doing today? i just got back from a long day at work."", ""senderID"": 20, ""createdAt"": 1617032519196, ""nameOfBot"": ""Blenderbot"", ""botSuggestions"": []}, {""message"": ""Do you like the light side or the dark side?"", ""senderID"": 1, ""createdAt"": 1617032526575, ""botSuggestions"": []}, {""message"": ""I like the red side if you understand!"", ""senderID"": 20, ""createdAt"": 1617032550233, ""botSuggestions"": []}, {""message"": ""yes, i do. what's your favorite color? i'm a big fan of red."", ""senderID"": 1, ""createdAt"": 1617032573190, ""botSuggestions"": []}, {""message"": ""I like blue."", ""senderID"": 20, ""createdAt"": 1617032582670, ""nameOfBot"": ""DialoGPT"", ""botSuggestions"": []}, {""message"": ""Where are you from?"", ""senderID"": 1, ""createdAt"": 1617032605957, ""botSuggestions"": []}, {""message"": ""Ukraine"", ""senderID"": 20, ""createdAt"": 1617032612645, ""botSuggestions"": []}, {""message"": ""and You?"", ""senderID"": 20, ""createdAt"": 1617032618438, ""botSuggestions"": []}, {""message"": ""have you ever been to russia? it's a sovereign state in the eastern part of europe."", ""senderID"": 1, ""createdAt"": 1617032631247, ""botSuggestions"": []}, {""message"": ""i've never been to russia, but i know it's a sovereign state in the eastern part of europe."", ""senderID"": 20, ""createdAt"": 1617032665798, ""nameOfBot"": ""Blenderbot"", ""botSuggestions"": []}, {""message"": ""Hello Tejas"", ""senderID"": 20, ""createdAt"": 1617032702812, ""botSuggestions"": []}, {""message"": ""or should i call you TejASS"", ""senderID"": 20, ""createdAt"": 1617032718221, ""botSuggestions"": []}, {""message"": ""Hahaha"", ""senderID"": 1, ""createdAt"": 1617032728057, ""botSuggestions"": []}, {""message"": ""i'm not sure what that's supposed to mean. i don't know what that means."", ""senderID"": 1, ""createdAt"": 1617032747069, ""botSuggestions"": [{""reply"": ""I know right? I was like, I know this guy."", ""bot_name"": ""DialoGPT""}, {""reply"": ""i'm laughing so hard right now. i can't stop laughing. it's so funny."", ""bot_name"": ""Blenderbot""}]}, {""message"": ""I think it means that you're not a fan of the show."", ""senderID"": 20, ""createdAt"": 1617032781496, ""nameOfBot"": ""DialoGPT"", ""botSuggestions"": []}]";"[{""Status"": ""up"", ""CreatedAt"": 1617032601052}]";"[{""Status"": ""up"", ""CreatedAt"": 1617032603707}]";"2021-03-29 15:47:09";"2021-03-29 15:47:09"
35;2;1;"[{""message"": ""Hello there"", ""senderID"": 2, ""createdAt"": 1617053345611, ""botSuggestions"": []}, {""message"": ""General Kenobi"", ""senderID"": 1, ""createdAt"": 1617053356434, ""botSuggestions"": []}, {""message"": ""Do you like the dark side or the light side?"", ""senderID"": 2, ""createdAt"": 1617053379813, ""botSuggestions"": []}, {""message"": ""I like the dark side."", ""senderID"": 1, ""createdAt"": 1617053403495, ""botSuggestions"": []}, {""message"": ""Tell me the tragedy of Darth plaguies the wise"", ""senderID"": 2, ""createdAt"": 1617053451944, ""botSuggestions"": []}, {""message"": ""He was a good boy"", ""senderID"": 1, ""createdAt"": 1617053475003, ""botSuggestions"": []}]";"[]";"[]";"2021-03-29 21:31:54";"2021-03-29 21:31:54"
36;1;2;"[{""message"": ""Hello there"", ""senderID"": 2, ""createdAt"": 1617053345612, ""botSuggestions"": []}, {""message"": ""General Kenobi"", ""senderID"": 1, ""createdAt"": 1617053356435, ""nameOfBot"": ""DialoGPT"", ""botSuggestions"": []}, {""message"": ""Do you like the dark side or the light side?"", ""senderID"": 2, ""createdAt"": 1617053379814, ""botSuggestions"": []}, {""message"": ""I like the dark side."", ""senderID"": 1, ""createdAt"": 1617053403497, ""nameOfBot"": ""DialoGPT"", ""botSuggestions"": []}, {""message"": ""Tell me the tragedy of Darth plaguies the wise"", ""senderID"": 2, ""createdAt"": 1617053451944, ""botSuggestions"": []}, {""message"": ""He was a good boy"", ""senderID"": 1, ""createdAt"": 1617053475001, ""nameOfBot"": ""DialoGPT"", ""botSuggestions"": []}]";"[{""Status"": ""up"", ""CreatedAt"": 1617053470604}]";"[]";"2021-03-29 21:31:59";"2021-03-29 21:31:59"
37;22;1;"[{""message"": ""Hello there"", ""senderID"": 1, ""createdAt"": 1617138137089, ""botSuggestions"": []}, {""message"": ""General Kenobi"", ""senderID"": 22, ""createdAt"": 1617138161254, ""nameOfBot"": ""DialoGPT"", ""botSuggestions"": []}, {""message"": ""Do you like star wars?"", ""senderID"": 1, ""createdAt"": 1617138172715, ""botSuggestions"": []}, {""message"": ""I like Star Wars."", ""senderID"": 22, ""createdAt"": 1617138183653, ""nameOfBot"": ""DialoGPT"", ""botSuggestions"": []}, {""message"": ""How are you?"", ""senderID"": 1, ""createdAt"": 1617138204370, ""botSuggestions"": []}, {""message"": ""i'm good. just got back from a long day at work. how are you?"", ""senderID"": 22, ""createdAt"": 1617138215006, ""nameOfBot"": ""Blenderbot"", ""botSuggestions"": []}, {""message"": ""i'm good. just got back from a long day at work as well. what do you do for work?"", ""senderID"": 1, ""createdAt"": 1617138227296, ""botSuggestions"": []}, {""message"": ""I work for a company that makes cars."", ""senderID"": 22, ""createdAt"": 1617138246784, ""nameOfBot"": ""DialoGPT"", ""botSuggestions"": []}, {""message"": ""that's cool. what kind of cars do you work on? "", ""senderID"": 1, ""createdAt"": 1617138264055, ""botSuggestions"": []}, {""message"": ""Sports Cars"", ""senderID"": 22, ""createdAt"": 1617138283288, ""botSuggestions"": []}, {""message"": ""i love sports cars. they are the most popular car in the world. do you like sports cars?"", ""senderID"": 1, ""createdAt"": 1617138295393, ""botSuggestions"": []}, {""message"": ""Yeah, I do"", ""senderID"": 22, ""createdAt"": 1617138327970, ""botSuggestions"": []}, {""message"": ""Do you like anime?"", ""senderID"": 1, ""createdAt"": 1617138349257, ""botSuggestions"": []}, {""message"": ""i do like anime, but i don't know much about it. what's your favorite anime?"", ""senderID"": 22, ""createdAt"": 1617138377957, ""nameOfBot"": ""Blenderbot"", ""botSuggestions"": []}, {""message"": ""I like attack on titans"", ""senderID"": 1, ""createdAt"": 1617138391014, ""botSuggestions"": []}, {""message"": ""i haven't seen it yet, but i've heard it's pretty good."", ""senderID"": 22, ""createdAt"": 1617138409569, ""nameOfBot"": ""Blenderbot"", ""botSuggestions"": []}, {""message"": ""It's a great show. "", ""senderID"": 1, ""createdAt"": 1617138441726, ""botSuggestions"": []}, {""message"": ""What other anime have you seen?"", ""senderID"": 1, ""createdAt"": 1617138451046, ""nameOfBot"": ""DialoGPT"", ""botSuggestions"": [{""reply"": ""I agree. I love it."", ""bot_name"": ""DialoGPT""}, {""reply"": ""it really is. it's one of my favorite shows of all time. what's your favorite show?"", ""bot_name"": ""Blenderbot""}]}, {""message"": ""i haven't seen any other anime, but i've seen a lot of anime."", ""senderID"": 22, ""createdAt"": 1617138479415, ""nameOfBot"": ""Blenderbot"", ""botSuggestions"": []}, {""message"": ""That's contradictory"", ""senderID"": 1, ""createdAt"": 1617138494564, ""botSuggestions"": []}, {""message"": ""Have you seen cowboy beepbop?"", ""senderID"": 1, ""createdAt"": 1617138501931, ""botSuggestions"": [{""reply"": ""I think it's a reference to the movie The Last Airbender."", ""bot_name"": ""DialoGPT""}]}, {""message"": ""i know, right?"", ""senderID"": 22, ""createdAt"": 1617138506172, ""botSuggestions"": [{""reply"": ""I have not."", ""bot_name"": ""DialoGPT""}, {""reply"": ""no, i haven't. i'll have to check it out. what's it about?"", ""bot_name"": ""Blenderbot""}]}, {""message"": ""Yeah, that' one of my favorites"", ""senderID"": 22, ""createdAt"": 1617138521865, ""botSuggestions"": []}, {""message"": ""I haven't seen it but it is in my list"", ""senderID"": 1, ""createdAt"": 1617138545862, ""botSuggestions"": []}, {""message"": ""you should check it out. it's one of the best animes out there."", ""senderID"": 22, ""createdAt"": 1617138570096, ""nameOfBot"": ""Blenderbot"", ""botSuggestions"": []}, {""message"": ""Sure I will"", ""senderID"": 1, ""createdAt"": 1617138576688, ""botSuggestions"": []}, {""message"": ""i've heard of it, but i don't know much about it. what's it about?"", ""senderID"": 1, ""createdAt"": 1617138585286, ""botSuggestions"": [{""reply"": ""I'm online now"", ""bot_name"": ""DialoGPT""}, {""reply"": ""thank you so much! i really appreciate it. i'm so happy to hear that."", ""bot_name"": ""Blenderbot""}]}, {""message"": ""It's about space travels"", ""senderID"": 22, ""createdAt"": 1617138612380, ""botSuggestions"": []}, {""message"": ""How's the weather?"", ""senderID"": 1, ""createdAt"": 1617138633618, ""botSuggestions"": []}, {""message"": ""it's a bit chilly, but i'm used to it. how about you?"", ""senderID"": 22, ""createdAt"": 1617138643240, ""nameOfBot"": ""Blenderbot"", ""botSuggestions"": []}, {""message"": ""yeah, i'm used to it too. it's a bit chilly here too."", ""senderID"": 1, ""createdAt"": 1617138655537, ""botSuggestions"": []}, {""message"": ""I'm in the UK, so it's not that cold."", ""senderID"": 22, ""createdAt"": 1617138668284, ""nameOfBot"": ""DialoGPT"", ""botSuggestions"": []}, {""message"": ""Ohh that's nice! I'm in Chicago"", ""senderID"": 1, ""createdAt"": 1617138682981, ""botSuggestions"": []}, {""message"": ""i've never been to chicago, but i'm sure it's beautiful there."", ""senderID"": 22, ""createdAt"": 1617138715298, ""nameOfBot"": ""Blenderbot"", ""botSuggestions"": []}, {""message"": ""It's a great city."", ""senderID"": 1, ""createdAt"": 1617138728236, ""botSuggestions"": []}, {""message"": ""I agree. I love it."", ""senderID"": 22, ""createdAt"": 1617138738885, ""nameOfBot"": ""DialoGPT"", ""botSuggestions"": []}, {""message"": ""Nice"", ""senderID"": 1, ""createdAt"": 1617138772166, ""botSuggestions"": []}, {""message"": ""bye then!"", ""senderID"": 22, ""createdAt"": 1617138775525, ""botSuggestions"": [{""reply"": ""Thanks, I'm glad you like it."", ""bot_name"": ""DialoGPT""}]}]";"[{""Status"": ""up"", ""CreatedAt"": 1617138234360}, {""Status"": ""down"", ""CreatedAt"": 1617138762588}]";"[{""Status"": ""up"", ""CreatedAt"": 1617138744705}]";"2021-03-30 21:13:42";"2021-03-30 21:13:42"
38;1;22;"[{""message"": ""Hello there"", ""senderID"": 1, ""createdAt"": 1617138134548, ""botSuggestions"": []}, {""message"": ""General Kenobi"", ""senderID"": 22, ""createdAt"": 1617138158812, ""botSuggestions"": []}, {""message"": ""Do you like star wars?"", ""senderID"": 1, ""createdAt"": 1617138170038, ""botSuggestions"": [{""reply"": ""You are a Jedi, you are a Jedi, you are a Jedi, you are a Jedi, you are a Jedi, you are a Jedi, you are a Jedi, you are a Jedi."", ""bot_name"": ""DialoGPT""}]}, {""message"": ""I like Star Wars."", ""senderID"": 22, ""createdAt"": 1617138181236, ""botSuggestions"": [{""reply"": ""You are a Jedi, you are a Jedi, you are a Jedi, you are a Jedi, you are a Jedi, you are a Jedi, you are a Jedi, you are a Jedi."", ""bot_name"": ""DialoGPT""}]}, {""message"": ""How are you?"", ""senderID"": 1, ""createdAt"": 1617138201821, ""botSuggestions"": []}, {""message"": ""i'm good. just got back from a long day at work. how are you?"", ""senderID"": 22, ""createdAt"": 1617138212574, ""botSuggestions"": []}, {""message"": ""i'm good. just got back from a long day at work as well. what do you do for work?"", ""senderID"": 1, ""createdAt"": 1617138224700, ""nameOfBot"": ""Blenderbot"", ""botSuggestions"": []}, {""message"": ""I work for a company that makes cars."", ""senderID"": 22, ""createdAt"": 1617138244316, ""botSuggestions"": []}, {""message"": ""that's cool. what kind of cars do you work on? "", ""senderID"": 1, ""createdAt"": 1617138261450, ""nameOfBot"": ""Blenderbot"", ""botSuggestions"": []}, {""message"": ""Sports Cars"", ""senderID"": 22, ""createdAt"": 1617138280875, ""botSuggestions"": []}, {""message"": ""i love sports cars. they are the most popular car in the world. do you like sports cars?"", ""senderID"": 1, ""createdAt"": 1617138292805, ""nameOfBot"": ""Blenderbot"", ""botSuggestions"": []}, {""message"": ""Yeah, I do"", ""senderID"": 22, ""createdAt"": 1617138325467, ""botSuggestions"": []}, {""message"": ""Do you like anime?"", ""senderID"": 1, ""createdAt"": 1617138346716, ""botSuggestions"": []}, {""message"": ""i do like anime, but i don't know much about it. what's your favorite anime?"", ""senderID"": 22, ""createdAt"": 1617138375487, ""botSuggestions"": []}, {""message"": ""I like attack on titans"", ""senderID"": 1, ""createdAt"": 1617138388504, ""botSuggestions"": []}, {""message"": ""i haven't seen it yet, but i've heard it's pretty good."", ""senderID"": 22, ""createdAt"": 1617138407121, ""botSuggestions"": []}, {""message"": ""It's a great show. "", ""senderID"": 1, ""createdAt"": 1617138439186, ""nameOfBot"": ""DialoGPT"", ""botSuggestions"": []}, {""message"": ""What other anime have you seen?"", ""senderID"": 1, ""createdAt"": 1617138448501, ""botSuggestions"": []}, {""message"": ""i haven't seen any other anime, but i've seen a lot of anime."", ""senderID"": 22, ""createdAt"": 1617138476968, ""botSuggestions"": []}, {""message"": ""That's contradictory"", ""senderID"": 1, ""createdAt"": 1617138491951, ""botSuggestions"": []}, {""message"": ""Have you seen cowboy beepbop?"", ""senderID"": 1, ""createdAt"": 1617138499353, ""botSuggestions"": []}, {""message"": ""i know, right?"", ""senderID"": 22, ""createdAt"": 1617138503676, ""botSuggestions"": []}, {""message"": ""Yeah, that' one of my favorites"", ""senderID"": 22, ""createdAt"": 1617138519458, ""botSuggestions"": [{""reply"": ""I know, right?"", ""bot_name"": ""DialoGPT""}, {""reply"": ""it's been a long time since i've been in a relationship, so i don't know what i'm going to do."", ""bot_name"": ""Blenderbot""}]}, {""message"": ""I haven't seen it but it is in my list"", ""senderID"": 1, ""createdAt"": 1617138543262, ""botSuggestions"": []}, {""message"": ""you should check it out. it's one of the best animes out there."", ""senderID"": 22, ""createdAt"": 1617138567691, ""botSuggestions"": []}, {""message"": ""Sure I will"", ""senderID"": 1, ""createdAt"": 1617138574145, ""botSuggestions"": [{""reply"": ""I've seen it, it's great."", ""bot_name"": ""DialoGPT""}, {""reply"": ""i've heard of it, but i don't know much about it. what's it about?"", ""bot_name"": ""Blenderbot""}]}, {""message"": ""i've heard of it, but i don't know much about it. what's it about?"", ""senderID"": 1, ""createdAt"": 1617138582739, ""nameOfBot"": ""Blenderbot"", ""botSuggestions"": []}, {""message"": ""It's about space travels"", ""senderID"": 22, ""createdAt"": 1617138609978, ""botSuggestions"": []}, {""message"": ""How's the weather?"", ""senderID"": 1, ""createdAt"": 1617138631033, ""botSuggestions"": []}, {""message"": ""it's a bit chilly, but i'm used to it. how about you?"", ""senderID"": 22, ""createdAt"": 1617138640799, ""botSuggestions"": []}, {""message"": ""yeah, i'm used to it too. it's a bit chilly here too."", ""senderID"": 1, ""createdAt"": 1617138652977, ""nameOfBot"": ""Blenderbot"", ""botSuggestions"": []}, {""message"": ""I'm in the UK, so it's not that cold."", ""senderID"": 22, ""createdAt"": 1617138665894, ""botSuggestions"": []}, {""message"": ""Ohh that's nice! I'm in Chicago"", ""senderID"": 1, ""createdAt"": 1617138680442, ""botSuggestions"": []}, {""message"": ""i've never been to chicago, but i'm sure it's beautiful there."", ""senderID"": 22, ""createdAt"": 1617138712897, ""botSuggestions"": []}, {""message"": ""It's a great city."", ""senderID"": 1, ""createdAt"": 1617138725677, ""nameOfBot"": ""DialoGPT"", ""botSuggestions"": []}, {""message"": ""I agree. I love it."", ""senderID"": 22, ""createdAt"": 1617138736438, ""botSuggestions"": []}, {""message"": ""Nice"", ""senderID"": 1, ""createdAt"": 1617138769606, ""botSuggestions"": []}, {""message"": ""bye then!"", ""senderID"": 22, ""createdAt"": 1617138773103, ""botSuggestions"": []}]";"[{""Status"": ""up"", ""CreatedAt"": 1617138226465}, {""Status"": ""up"", ""CreatedAt"": 1617138267244}, {""Status"": ""down"", ""CreatedAt"": 1617138620110}, {""Status"": ""up"", ""CreatedAt"": 1617138654992}]";"[{""Status"": ""up"", ""CreatedAt"": 1617138227459}]";"2021-03-30 21:13:47";"2021-03-30 21:13:47"
39;1;2;"[{""message"": ""Hello there"", ""senderID"": 2, ""createdAt"": 1617222912576, ""botSuggestions"": []}, {""message"": ""General Kenobi"", ""senderID"": 1, ""createdAt"": 1617222917271, ""nameOfBot"": ""DialoGPT"", ""botSuggestions"": []}, {""message"": ""I see you are a person of culture as well"", ""senderID"": 2, ""createdAt"": 1617222937062, ""botSuggestions"": []}, {""message"": ""Yes I spend a lot of time watching memes"", ""senderID"": 1, ""createdAt"": 1617222965228, ""botSuggestions"": []}]";"[]";"[]";"2021-03-31 20:44:27";"2021-03-31 20:44:27"
40;2;1;"[{""message"": ""Hello there"", ""senderID"": 2, ""createdAt"": 1617222912575, ""botSuggestions"": []}, {""message"": ""General Kenobi"", ""senderID"": 1, ""createdAt"": 1617222917270, ""botSuggestions"": []}, {""message"": ""I see you are a person of culture as well"", ""senderID"": 2, ""createdAt"": 1617222937062, ""botSuggestions"": []}, {""message"": ""Yes I spend a lot of time watching memes"", ""senderID"": 1, ""createdAt"": 1617222965228, ""botSuggestions"": []}]";"[]";"[]";"2021-03-31 20:44:33";"2021-03-31 20:44:33"
41;25;24;"[{""message"": ""Supp"", ""senderID"": 24, ""createdAt"": 1617379910636, ""botSuggestions"": []}, {""message"": ""Hello"", ""senderID"": 25, ""createdAt"": 1617379914327, ""botSuggestions"": []}, {""message"": ""Mofo"", ""senderID"": 24, ""createdAt"": 1617379917109, ""botSuggestions"": []}, {""message"": ""Kasa kai"", ""senderID"": 24, ""createdAt"": 1617379924358, ""botSuggestions"": [{""reply"": ""i've been playing supp for a while now. it's a team - based support role."", ""bot_name"": ""Blenderbot""}]}]";"[]";"[]";"2021-04-02 16:13:20";"2021-04-02 16:13:20"
42;24;25;"[{""message"": ""Supp"", ""senderID"": 24, ""createdAt"": 1617379913002, ""botSuggestions"": []}, {""message"": ""Hello"", ""senderID"": 25, ""createdAt"": 1617379916693, ""botSuggestions"": []}, {""message"": ""Mofo"", ""senderID"": 24, ""createdAt"": 1617379919477, ""botSuggestions"": [{""reply"": ""Hiya"", ""bot_name"": ""DialoGPT""}]}, {""message"": ""Kasa kai"", ""senderID"": 24, ""createdAt"": 1617379926731, ""botSuggestions"": [{""reply"": ""hello, how are you today? i just got back from a long day at the office."", ""bot_name"": ""Blenderbot""}]}]";"[]";"[]";"2021-04-02 16:13:25";"2021-04-02 16:13:25"
43;25;24;"[{""message"": ""Hi"", ""senderID"": 25, ""createdAt"": 1617379953965, ""botSuggestions"": []}, {""message"": ""Biach"", ""senderID"": 24, ""createdAt"": 1617379956250, ""botSuggestions"": []}, {""message"": ""Mofo"", ""senderID"": 24, ""createdAt"": 1617379962548, ""botSuggestions"": []}, {""message"": ""Beech"", ""senderID"": 24, ""createdAt"": 1617379968147, ""botSuggestions"": []}, {""message"": ""Crypto"", ""senderID"": 24, ""createdAt"": 1617379971845, ""botSuggestions"": []}, {""message"": ""Stonks!"", ""senderID"": 24, ""createdAt"": 1617379982013, ""nameOfBot"": ""DialoGPT"", ""botSuggestions"": []}, {""message"": ""Musk"", ""senderID"": 24, ""createdAt"": 1617379989936, ""botSuggestions"": [{""reply"": ""Beech"", ""bot_name"": ""DialoGPT""}]}, {""message"": ""I'm not sure what you mean by that."", ""senderID"": 25, ""createdAt"": 1617379989943, ""botSuggestions"": [{""reply"": ""do you like biach's? they are a breed of biach that originated in germany."", ""bot_name"": ""Blenderbot""}]}]";"[]";"[]";"2021-04-02 16:15:33";"2021-04-02 16:15:33"
44;24;25;"[{""message"": ""Hi"", ""senderID"": 25, ""createdAt"": 1617379956352, ""botSuggestions"": []}, {""message"": ""Biach"", ""senderID"": 24, ""createdAt"": 1617379958608, ""botSuggestions"": [{""reply"": ""Hiya"", ""bot_name"": ""DialoGPT""}]}, {""message"": ""Mofo"", ""senderID"": 24, ""createdAt"": 1617379964902, ""botSuggestions"": [{""reply"": ""hi, how are you today? i just got back from a long day at the office."", ""bot_name"": ""Blenderbot""}]}, {""message"": ""Beech"", ""senderID"": 24, ""createdAt"": 1617379970513, ""botSuggestions"": []}, {""message"": ""Crypto"", ""senderID"": 24, ""createdAt"": 1617379973378, ""botSuggestions"": []}, {""message"": ""Stonks!"", ""senderID"": 24, ""createdAt"": 1617379984371, ""botSuggestions"": []}, {""message"": ""Musk"", ""senderID"": 24, ""createdAt"": 1617379990346, ""botSuggestions"": []}, {""message"": ""I'm not sure what you mean by that."", ""senderID"": 25, ""createdAt"": 1617379990914, ""botSuggestions"": []}, {""message"": ""By what"", ""senderID"": 24, ""createdAt"": 1617380003537, ""botSuggestions"": []}, {""message"": ""Blap"", ""senderID"": 24, ""createdAt"": 1617380009634, ""botSuggestions"": []}, {""message"": ""Bhao bhao"", ""senderID"": 24, ""createdAt"": 1617380013871, ""botSuggestions"": [{""reply"": ""i don't know what i'm talking about. i've never been to a concert before."", ""bot_name"": ""Blenderbot""}, {""reply"": ""I think he means that you're not a good person."", ""bot_name"": ""DialoGPT""}]}, {""message"": ""No emoji :("", ""senderID"": 24, ""createdAt"": 1617380024858, ""botSuggestions"": []}, {""message"": ""do you like biach's? they are a breed of biach that originated in germany."", ""senderID"": 25, ""createdAt"": 1617380026411, ""botSuggestions"": []}, {""message"": ""Biach are biach"", ""senderID"": 24, ""createdAt"": 1617380039348, ""botSuggestions"": []}, {""message"": ""No differentiate"", ""senderID"": 24, ""createdAt"": 1617380044368, ""botSuggestions"": []}, {""message"": ""Kya be"", ""senderID"": 24, ""createdAt"": 1617380059403, ""botSuggestions"": [{""reply"": ""I like them. I like the way they look."", ""bot_name"": ""DialoGPT""}, {""reply"": ""i don't know much about them. i know that they are a type of herding dog."", ""bot_name"": ""Blenderbot""}]}, {""message"": ""I want to eat"", ""senderID"": 24, ""createdAt"": 1617380071421, ""botSuggestions"": []}, {""message"": ""Dessert?"", ""senderID"": 24, ""createdAt"": 1617380085882, ""botSuggestions"": []}]";"[{""Status"": ""up"", ""CreatedAt"": 1617380694271}]";"[]";"2021-04-02 16:26:53";"2021-04-02 16:26:53"
45;24;26;"[{""message"": ""Boss"", ""senderID"": 24, ""createdAt"": 1617380756841, ""botSuggestions"": []}, {""message"": ""Here"", ""senderID"": 24, ""createdAt"": 1617380764442, ""botSuggestions"": []}, {""message"": ""Biach"", ""senderID"": 24, ""createdAt"": 1617380767598, ""botSuggestions"": []}, {""message"": ""Biach"", ""senderID"": 24, ""createdAt"": 1617380770041, ""botSuggestions"": []}, {""message"": ""Crypto"", ""senderID"": 24, ""createdAt"": 1617380773899, ""botSuggestions"": []}, {""message"": ""Stonks"", ""senderID"": 24, ""createdAt"": 1617380779422, ""botSuggestions"": []}, {""message"": ""Moderna"", ""senderID"": 24, ""createdAt"": 1617380784422, ""botSuggestions"": []}, {""message"": ""Hi"", ""senderID"": 26, ""createdAt"": 1617380786714, ""botSuggestions"": []}, {""message"": ""Vaccine"", ""senderID"": 24, ""createdAt"": 1617380787307, ""botSuggestions"": []}, {""message"": ""Mars"", ""senderID"": 24, ""createdAt"": 1617380789805, ""botSuggestions"": []}, {""message"": ""Pandemic"", ""senderID"": 24, ""createdAt"": 1617380793257, ""botSuggestions"": [{""reply"": ""Hiya"", ""bot_name"": ""DialoGPT""}]}, {""message"": ""Autobots unite!"", ""senderID"": 24, ""createdAt"": 1617380806137, ""botSuggestions"": []}, {""message"": ""Sloooow"", ""senderID"": 24, ""createdAt"": 1617380827319, ""botSuggestions"": [{""reply"": ""hi, how are you today? i just got back from a long day at the office."", ""bot_name"": ""Blenderbot""}]}, {""message"": ""No emoji"", ""senderID"": 24, ""createdAt"": 1617380838735, ""botSuggestions"": []}, {""message"": "":("", ""senderID"": 24, ""createdAt"": 1617380843196, ""botSuggestions"": []}, {""message"": "" Such is life"", ""senderID"": 26, ""createdAt"": 1617380886573, ""botSuggestions"": []}, {""message"": ""Optimus prime"", ""senderID"": 24, ""createdAt"": 1617380890008, ""botSuggestions"": [{""reply"": ""Such is life"", ""bot_name"": ""DialoGPT""}, {""reply"": ""what is life? i've never heard of it. what's it like to live?"", ""bot_name"": ""Blenderbot""}]}, {""message"": ""Doesn't really matter"", ""senderID"": 24, ""createdAt"": 1617380912295, ""nameOfBot"": ""DialoGPT"", ""botSuggestions"": []}, {""message"": ""Got move like jaggers"", ""senderID"": 24, ""createdAt"": 1617380941038, ""botSuggestions"": []}]";"[{""Status"": ""down"", ""CreatedAt"": 1617380818721}, {""Status"": ""down"", ""CreatedAt"": 1617380895652}]";"[{""Status"": ""down"", ""CreatedAt"": 1617380817849}, {""Status"": ""down"", ""CreatedAt"": 1617380896632}]";"2021-04-02 16:30:29";"2021-04-02 16:30:29"
46;27;0;"[]";"[]";"[]";"2021-04-05 05:18:21";"2021-04-05 05:18:21"
47;27;0;"[]";"[]";"[]";"2021-04-05 05:18:25";"2021-04-05 05:18:25"
48;28;0;"[]";"[]";"[]";"2021-04-05 14:28:32";"2021-04-05 14:28:32"
49;35;0;"[]";"[{""Status"": ""down"", ""CreatedAt"": 1617742985151}]";"[]";"2021-04-06 21:05:41";"2021-04-06 21:05:41"
50;35;0;"[]";"[]";"[]";"2021-04-06 21:06:20";"2021-04-06 21:06:20"
51;35;0;"[]";"[]";"[]";"2021-04-06 21:06:40";"2021-04-06 21:06:40"
52;36;0;"[]";"[]";"[]";"2021-04-07 01:20:06";"2021-04-07 01:20:06"
53;36;0;"[]";"[]";"[]";"2021-04-07 01:20:19";"2021-04-07 01:20:19"
54;37;0;"[]";"[]";"[]";"2021-04-11 01:08:10";"2021-04-11 01:08:10"
55;37;0;"[]";"[]";"[]";"2021-04-11 01:08:12";"2021-04-11 01:08:12"
56;37;0;"[]";"[]";"[]";"2021-04-11 01:08:32";"2021-04-11 01:08:32"
57;37;0;"[]";"[]";"[]";"2021-04-11 01:08:41";"2021-04-11 01:08:41"
58;37;0;"[]";"[]";"[]";"2021-04-11 01:12:13";"2021-04-11 01:12:13"
59;37;0;"[]";"[]";"[]";"2021-04-11 01:14:25";"2021-04-11 01:14:25"
60;37;0;"[]";"[]";"[]";"2021-04-11 01:14:45";"2021-04-11 01:14:45"
61;37;0;"[]";"[]";"[]";"2021-04-11 01:14:48";"2021-04-11 01:14:48"
62;38;37;"[]";"[]";"[]";"2021-04-11 01:15:11";"2021-04-11 01:15:11"
63;37;38;"[]";"[]";"[]";"2021-04-11 01:15:16";"2021-04-11 01:15:16"
64;37;38;"[{""message"": ""Hi"", ""senderID"": 37, ""createdAt"": 1618103560382, ""botSuggestions"": []}, {""message"": ""Hiya"", ""senderID"": 38, ""createdAt"": 1618103568228, ""botSuggestions"": []}]";"[]";"[]";"2021-04-11 01:17:17";"2021-04-11 01:17:17"
65;38;37;"[{""message"": ""Hi"", ""senderID"": 37, ""createdAt"": 1618103561204, ""botSuggestions"": []}, {""message"": ""Hiya"", ""senderID"": 38, ""createdAt"": 1618103568832, ""nameOfBot"": ""DialoGPT"", ""botSuggestions"": [{""reply"": ""hi, how are you today? i just got back from a long day at the office."", ""bot_name"": ""Blenderbot""}]}, {""message"": ""yoooooooooo"", ""senderID"": 37, ""createdAt"": 1618103619883, ""botSuggestions"": [{""reply"": ""hi, how are you today? i just got back from a long day at the office."", ""bot_name"": ""Blenderbot""}]}, {""message"": ""Hey, you're not OP."", ""senderID"": 37, ""createdAt"": 1618103627044, ""botSuggestions"": []}, {""message"": ""hello, how are you today? i just got back from a long day at the office."", ""senderID"": 37, ""createdAt"": 1618103646655, ""botSuggestions"": [{""reply"": ""i can't wait to see how it plays out. it's going to be great!"", ""bot_name"": ""Blenderbot""}]}, {""message"": ""What is OP?"", ""senderID"": 38, ""createdAt"": 1618103662837, ""botSuggestions"": [{""reply"": ""I'm not OP?"", ""bot_name"": ""DialoGPT""}, {""reply"": ""that's true, but i still feel bad about it. i feel bad for him."", ""bot_name"": ""Blenderbot""}, {""reply"": ""i'm doing well. i just got back from a long day at work as well."", ""bot_name"": ""Blenderbot""}, {""reply"": ""I'm doing well, thanks for asking."", ""bot_name"": ""DialoGPT""}]}]";"[]";"[]";"2021-04-11 01:17:23";"2021-04-11 01:17:23"
66;37;38;"[{""message"": ""Hello"", ""senderID"": 38, ""createdAt"": 1618104190920, ""botSuggestions"": []}, {""message"": ""Hiya"", ""senderID"": 37, ""createdAt"": 1618104213064, ""nameOfBot"": ""DialoGPT"", ""botSuggestions"": []}, {""message"": ""How has your day been?"", ""senderID"": 38, ""createdAt"": 1618104247541, ""botSuggestions"": []}, {""message"": ""it's been good so far. just got back from a long day at work. how about you?"", ""senderID"": 37, ""createdAt"": 1618104262382, ""nameOfBot"": ""Blenderbot"", ""botSuggestions"": []}, {""message"": ""I'm doing alright. Just woke up."", ""senderID"": 38, ""createdAt"": 1618104294085, ""botSuggestions"": []}, {""message"": ""that's good to hear. what are you going to do with the rest of your day?"", ""senderID"": 37, ""createdAt"": 1618104306291, ""nameOfBot"": ""Blenderbot"", ""botSuggestions"": []}, {""message"": ""Work on some homework and maybe have a late dinner as well."", ""senderID"": 38, ""createdAt"": 1618104350491, ""botSuggestions"": []}, {""message"": ""What about you?"", ""senderID"": 38, ""createdAt"": 1618104360527, ""botSuggestions"": [{""reply"": ""I have a late dinner planned for tomorrow."", ""bot_name"": ""DialoGPT""}, {""reply"": ""that's a good idea. i think i'm going to have a late dinner."", ""bot_name"": ""Blenderbot""}]}, {""message"": ""Just woke up, haven't decided what to do yet"", ""senderID"": 37, ""createdAt"": 1618104403739, ""botSuggestions"": []}, {""message"": ""how's it going?"", ""senderID"": 37, ""createdAt"": 1618104523359, ""botSuggestions"": []}, {""message"": ""Hello?"", ""senderID"": 38, ""createdAt"": 1618104700945, ""botSuggestions"": []}, {""message"": ""Hello?"", ""senderID"": 37, ""createdAt"": 1618104709208, ""nameOfBot"": ""DialoGPT"", ""botSuggestions"": [{""reply"": ""hello, what are you up to today? i just got back from a long day at work."", ""bot_name"": ""Blenderbot""}]}, {""message"": ""hello, what are you up to today? i just got back from a long day at work."", ""senderID"": 37, ""createdAt"": 1618104718428, ""nameOfBot"": ""Blenderbot"", ""botSuggestions"": []}]";"[{""Status"": ""up"", ""CreatedAt"": 1618104743858}]";"[{""Status"": ""up"", ""CreatedAt"": 1618104745286}]";"2021-04-11 01:35:18";"2021-04-11 01:35:18"
67;38;37;"[{""message"": ""Hello"", ""senderID"": 38, ""createdAt"": 1618104191523, ""botSuggestions"": []}, {""message"": ""Hiya"", ""senderID"": 37, ""createdAt"": 1618104213684, ""botSuggestions"": []}, {""message"": ""How has your day been?"", ""senderID"": 38, ""createdAt"": 1618104248133, ""botSuggestions"": []}, {""message"": ""it's been good so far. just got back from a long day at work. how about you?"", ""senderID"": 37, ""createdAt"": 1618104263041, ""botSuggestions"": []}, {""message"": ""I'm doing alright. Just woke up."", ""senderID"": 38, ""createdAt"": 1618104294679, ""nameOfBot"": ""DialoGPT"", ""botSuggestions"": []}, {""message"": ""that's good to hear. what are you going to do with the rest of your day?"", ""senderID"": 37, ""createdAt"": 1618104306968, ""botSuggestions"": []}, {""message"": ""Work on some homework and maybe have a late dinner as well."", ""senderID"": 38, ""createdAt"": 1618104351083, ""botSuggestions"": []}, {""message"": ""What about you?"", ""senderID"": 38, ""createdAt"": 1618104361119, ""botSuggestions"": []}]";"[]";"[]";"2021-04-11 01:35:27";"2021-04-11 01:35:27"
