"ID";"Age";"GenderSelect";"GenderText";"Race";"NativeLanguageSelect";"NativeLanguageText";"Nationality";"Education";"FieldOfEducation";"MaritalStatus";"EmployementStatus";"WorkIndustry";"DisabilitySelect";"DisabilityText";"Recruited";"CreatedAt";"UpdatedAt"
1;24;"Male/Man";"";"Asian, Non-Hispanic";"Others – Specify";"Marathi";"India";"Master's degree";"Information Technology (E.g. Computer Science, Information Systems, Other Information Technology)";"Never married";"Employed Part-Time";"Computer and Information Systems (E.g. Computer Science, Information Systems, Other Information Technology)";"No";"";"Contacted by an associate working on this application";"2021-03-27 06:00:13.933000";"2021-03-27 06:00:13.933000"
2;24;"A gender identity not listed here. Please specify";"Agender";"White, Non-Hispanic";"Chinese – Cantonese";"";"Algeria";"High school diploma or equivalent";"Architecture and Building (E.g. Architecture and Urban Environment, Building)";"Never married";"Employed Part-Time";"Construction";"Yes; Specify if yes";"Colorblindness";"Contacted by an associate working on this application";"2021-03-27 06:01:00.783000";"2021-03-27 06:01:00.783000"
3;30;"Male/Man";"";"Asian, Non-Hispanic";"English";"";"India";"Master's degree";"Engineering and Related Technologies (E.g. Aeronautics, Manufacturing, Food Technology, Materials Science, Plant and Machine Maintenance)";"Never married";"Student";"";"No";"";"Contacted by an associate working on this application";"2021-03-27 06:04:48.742000";"2021-03-27 06:04:48.742000"
4;26;"Female/Woman";"";"Asian, Non-Hispanic";"Others – Specify";"Marathi";"India";"Master's degree";"Engineering and Related Technologies (E.g. Aeronautics, Manufacturing, Food Technology, Materials Science, Plant and Machine Maintenance)";"Never married";"Employed Full-Time";"Utilities (E.g. Electric Power Generation, Transmission, Distribution, Natural Gas Distribution, Water, Sewage, Irrigation)";"No";"";"Contacted by an associate working on this application";"2021-03-27 06:12:49.048000";"2021-03-27 06:12:49.048000"
7;24;"Male/Man";"";"Asian, Non-Hispanic";"English";"";"India";"Master's degree";"Information Technology (E.g. Computer Science, Information Systems, Other Information Technology)";"Never married";"Student";"";"No";"";"Referred by a friend or a colleague";"2021-03-27 21:00:09.332000";"2021-03-27 21:00:09.332000"
8;24;"Male/Man";"";"Asian, Non-Hispanic";"Hindi";"";"India";"Master's degree";"Engineering and Related Technologies (E.g. Aeronautics, Manufacturing, Food Technology, Materials Science, Plant and Machine Maintenance)";"Never married";"Employed Full-Time";"Computer and Information Systems (E.g. Computer Science, Information Systems, Other Information Technology)";"Yes; Specify if yes";"Color-blindness";"Referred by a friend or a colleague";"2021-03-27 21:02:38.776000";"2021-03-27 21:02:38.776000"
9;24;"Female/Woman";"";"Asian, Non-Hispanic";"Hindi";"";"India";"Bachelor's degree";"Information Technology (E.g. Computer Science, Information Systems, Other Information Technology)";"Never married";"Employed Full-Time";"Computer and Information Systems (E.g. Computer Science, Information Systems, Other Information Technology)";"No";"";"Contacted by an associate working on this application";"2021-03-27 21:03:24.437000";"2021-03-27 21:03:24.437000"
10;28;"Male/Man";"";"Prefer not to answer";"Hindi";"";"India";"Master's degree";"Information Technology (E.g. Computer Science, Information Systems, Other Information Technology)";"Never married";"Employed Full-Time";"Computer and Information Systems (E.g. Computer Science, Information Systems, Other Information Technology)";"No";"";"Referred by a friend or a colleague";"2021-03-27 21:22:01.068000";"2021-03-27 21:22:01.068000"
11;28;"Male/Man";"";"Asian, Non-Hispanic";"English";"";"India";"Master's degree";"Information Technology (E.g. Computer Science, Information Systems, Other Information Technology)";"Never married";"Student";"";"No";"";"Referred by a friend or a colleague";"2021-03-27 22:29:14.550000";"2021-03-27 22:29:14.550000"
12;131;"Male/Man";"";"Hispanic/Latino";"English";"";"Angola";"Some high school";"Natural and Physical Sciences (E.g. Mathematics, Astronomy, Chemical, Earth, Biological, Other Natural and Physical Sciences)";"Never married";"Employed Full-Time";"Computer and Information Systems (E.g. Computer Science, Information Systems, Other Information Technology)";"No";"";"Blog / Publication";"2021-03-28 01:35:46.552000";"2021-03-28 01:35:46.552000"
13;23;"Female/Woman";"";"Asian, Non-Hispanic";"Hindi";"";"India";"Bachelor's degree";"Information Technology (E.g. Computer Science, Information Systems, Other Information Technology)";"Never married";"Employed Full-Time";"Finance and Insurance";"No";"";"Referred by a friend or a colleague";"2021-03-28 03:15:26.261000";"2021-03-28 03:15:26.261000"
14;25;"Male/Man";"";"Asian, Non-Hispanic";"Hindi";"";"India";"Bachelor's degree";"Engineering and Related Technologies (E.g. Aeronautics, Manufacturing, Food Technology, Materials Science, Plant and Machine Maintenance)";"Never married";"Employed Full-Time";"Computer and Information Systems (E.g. Computer Science, Information Systems, Other Information Technology)";"No";"";"Referred by a friend or a colleague";"2021-03-28 06:13:19.536000";"2021-03-28 06:13:19.536000"
15;27;"Female/Woman";"";"Asian, Non-Hispanic";"Hindi";"";"India";"Master's degree";"Information Technology (E.g. Computer Science, Information Systems, Other Information Technology)";"Never married";"Employed Full-Time";"Computer and Information Systems (E.g. Computer Science, Information Systems, Other Information Technology)";"No";"";"Contacted by an associate working on this application";"2021-03-28 17:16:08.709000";"2021-03-28 17:16:08.709000"
16;26;"Male/Man";"";"Asian, Non-Hispanic";"Hindi";"";"India";"Bachelor's degree";"Engineering and Related Technologies (E.g. Aeronautics, Manufacturing, Food Technology, Materials Science, Plant and Machine Maintenance)";"Never married";"Student";"";"No";"";"Contacted by an associate working on this application";"2021-03-28 18:50:05.577000";"2021-03-28 18:50:05.577000"
17;37;"Male/Man";"";"Asian, Non-Hispanic";"Others – Specify";"Marathi";"India";"Bachelor's degree";"Agriculture, Environmental and Related Studies (E.g. Crop Production, Animal Production and Management, Environmental Impact and Assessment)";"Married";"Employed Full-Time";"Finance and Insurance";"No";"";"Blog / Publication";"2021-03-28 19:22:39.118000";"2021-03-28 19:22:39.118000"
18;26;"Female/Woman";"";"Asian, Non-Hispanic";"Hindi";"";"Pakistan";"Master's degree";"Information Technology (E.g. Computer Science, Information Systems, Other Information Technology)";"Never married";"Student";"";"No";"";"Blog / Publication";"2021-03-28 19:26:04.775000";"2021-03-28 19:26:04.775000"
19;27;"Male/Man";"";"Asian, Non-Hispanic";"English";"";"India";"Master's degree";"Information Technology (E.g. Computer Science, Information Systems, Other Information Technology)";"Never married";"Student";"";"No";"";"Referred by a friend or a colleague";"2021-03-28 19:27:57.787000";"2021-03-28 19:27:57.787000"
20;25;"Male/Man";"";"White, Non-Hispanic";"Others – Specify";"Ukrainian";"Ukraine";"Master's degree";"Engineering and Related Technologies (E.g. Aeronautics, Manufacturing, Food Technology, Materials Science, Plant and Machine Maintenance)";"Never married";"Employed Full-Time";"Computer and Information Systems (E.g. Computer Science, Information Systems, Other Information Technology)";"No";"";"Search Engine";"2021-03-29 15:40:43.002000";"2021-03-29 15:40:43.002000"
21;19;"Female/Woman";"";"White, Non-Hispanic";"English";"";"Lithuania";"Some high school";"Mixed Field Programs (E.g. General Education, Social & Employment Skills, Literacy & Numeracy Skills, Social & Workplace Relationships)";"Married";"Employed Full-Time";"Computer and Information Systems (E.g. Computer Science, Information Systems, Other Information Technology)";"No";"";"Referred by a friend or a colleague";"2021-03-30 05:22:08.650000";"2021-03-30 05:22:08.650000"
22;23;"Male/Man";"";"Asian, Non-Hispanic";"Others – Specify";"Malayalam";"India";"Master's degree";"Information Technology (E.g. Computer Science, Information Systems, Other Information Technology)";"Never married";"Student";"";"No";"";"Contacted by an associate working on this application";"2021-03-30 21:02:47.427000";"2021-03-30 21:02:47.427000"
23;25;"Male/Man";"";"Asian, Non-Hispanic";"Others – Specify";"Malayalam";"India";"Master's degree";"Engineering and Related Technologies (E.g. Aeronautics, Manufacturing, Food Technology, Materials Science, Plant and Machine Maintenance)";"Never married";"Student";"";"No";"";"Contacted by an associate working on this application";"2021-03-31 03:17:05.238000";"2021-03-31 03:17:05.238000"
24;23;"Male/Man";"";"Asian, Non-Hispanic";"English";"";"India";"Bachelor's degree";"Management and Commerce (E.g. Administration, Human Resources, Sales, Marketing, Financial Management, Human Behaviour and Time Management)";"Never married";"Employed Part-Time";"Manufacturing";"No";"";"Contacted by an associate working on this application";"2021-04-02 16:11:57.260000";"2021-04-02 16:11:57.260000"
25;23;"Female/Woman";"";"Asian, Non-Hispanic";"Hindi";"";"India";"Bachelor's degree";"Management and Commerce (E.g. Administration, Human Resources, Sales, Marketing, Financial Management, Human Behaviour and Time Management)";"Never married";"Student";"";"No";"";"Referred by a friend or a colleague";"2021-04-02 16:12:20.139000";"2021-04-02 16:12:20.139000"
26;24;"Female/Woman";"";"Asian, Non-Hispanic";"Hindi";"";"India";"Bachelor's degree";"Mixed Field Programs (E.g. General Education, Social & Employment Skills, Literacy & Numeracy Skills, Social & Workplace Relationships)";"Never married";"Employed Full-Time";"Other Services (E.g. Automotive & Electronics Repair & Maintenance, Personal Care Services, Cemeteries, Pet Care, Parking Lots)";"No";"";"Contacted by an associate working on this application";"2021-04-02 16:25:14.682000";"2021-04-02 16:25:14.682000"
27;30;"Female/Woman";"";"Asian, Non-Hispanic";"English";"";"Pakistan";"Doctorate degree";"Engineering and Related Technologies (E.g. Aeronautics, Manufacturing, Food Technology, Materials Science, Plant and Machine Maintenance)";"Never married";"Student";"";"No";"";"Referred by a friend or a colleague";"2021-04-05 05:17:34.519000";"2021-04-05 05:17:34.519000"
28;29;"Male/Man";"";"Asian, Non-Hispanic";"Others – Specify";"Urdu";"Pakistan";"Master's degree";"Engineering and Related Technologies (E.g. Aeronautics, Manufacturing, Food Technology, Materials Science, Plant and Machine Maintenance)";"Married";"Student";"";"No";"";"Referred by a friend or a colleague";"2021-04-05 14:25:06.200000";"2021-04-05 14:25:06.200000"
34;30;"Female/Woman";"";"Asian, Non-Hispanic";"Others – Specify";"Urdu";"Pakistan";"Doctorate degree";"Engineering and Related Technologies (E.g. Aeronautics, Manufacturing, Food Technology, Materials Science, Plant and Machine Maintenance)";"Never married";"Student";"";"No";"";"Referred by a friend or a colleague";"2021-04-05 14:28:09.850000";"2021-04-05 14:28:09.850000"
35;27;"Female/Woman";"";"Asian, Non-Hispanic";"Others – Specify";"Urdu";"Pakistan";"Master's degree";"Health (E.g. Disease Processes and Mechanisms, Restoration and Maintenance of Health, Diagnosis, Principles and Practices of Public Health)";"Never married";"Student";"";"No";"";"Referred by a friend or a colleague";"2021-04-06 21:03:33.036000";"2021-04-06 21:03:33.036000"
36;26;"Male/Man";"";"Asian, Non-Hispanic";"Others – Specify";"Urdu";"Pakistan";"Master's degree";"Information Technology (E.g. Computer Science, Information Systems, Other Information Technology)";"Never married";"Student";"";"No";"";"Referred by a friend or a colleague";"2021-04-07 01:19:44.243000";"2021-04-07 01:19:44.243000"
37;24;"Male/Man";"";"Asian, Non-Hispanic";"Others – Specify";"Malayalam";"India";"Master's degree";"Information Technology (E.g. Computer Science, Information Systems, Other Information Technology)";"Never married";"Student";"";"No";"";"Contacted by an associate working on this application";"2021-04-11 01:07:17.156000";"2021-04-11 01:07:17.156000"
38;23;"Female/Woman";"";"Asian, Non-Hispanic";"English";"";"United States of America";"Master's degree";"Management and Commerce (E.g. Administration, Human Resources, Sales, Marketing, Financial Management, Human Behaviour and Time Management)";"Never married";"Student";"";"No";"";"Referred by a friend or a colleague";"2021-04-11 01:14:46.885000";"2021-04-11 01:14:46.885000"
